timestamp,Wind_Speed,Weather_Temperature_Celsius,Weather_Relative_Humidity,Weather_Daily_Rainfall,Global_Horizontal_Radiation
2015-06-01 00:00:00,1.6026171065448331,12.709885915120331,78.03590138753266,0.0,2.8964091142018664
2015-06-01 00:15:00,1.6288437010463,12.594648996989331,78.17517598470033,0.0,2.490581830342633
2015-06-01 00:30:00,1.209139643283233,12.647845586141,77.96491750081367,0.0,1.9495583375294665
2015-06-01 00:45:00,1.5666384337794,12.807233810424998,77.08470916748034,0.0,1.9429448843002333
2015-06-01 01:00:00,1.1637260775209963,12.967018127441667,76.13704172770167,0.0,2.125672340393033
2015-06-01 01:15:00,1.19238388120046,13.052822113037337,75.49656168619767,0.0,2.083559989929167
2015-06-01 01:30:00,1.5298203503376666,13.154230753580668,74.88493347167967,0.0,2.2791560490926
2015-06-01 01:45:00,2.120915052169466,13.094829877217668,74.64676666259767,0.0,2.8523127237956003
2015-06-01 02:00:00,1.8636892357972328,12.949750264485669,75.13771565755233,0.0,2.685386578241966
2015-06-01 02:15:00,0.9051912979507434,12.934862454732666,75.15399424235034,0.0,2.5510783990224333
2015-06-01 02:30:00,1.6882860479838335,12.926872889201,74.95647939046233,0.0,2.614461739857967
2015-06-01 02:45:00,2.190849326135,12.973388036092333,73.127128601074,0.0,2.1521779696146663
2015-06-01 03:00:00,3.003959409832,12.976097742716666,70.92790985107433,0.0,2.5679709116618
2015-06-01 03:15:00,2.8279702416642665,12.671482086181667,70.13961537679033,0.0,3.645654837290433
2015-06-01 03:30:00,2.386207370254533,12.462094306945666,70.139851888021,0.0,3.004876852035533
2015-06-01 03:45:00,2.513050482666633,12.173310597737334,70.92814890543633,0.0,3.1450765132904337
2015-06-01 04:00:00,1.8145818568643,11.924004872640332,71.77288818359366,0.0,3.0409748554229665
2015-06-01 04:15:00,2.0314251408824666,11.776404698689667,72.361971537272,0.0,2.393213351567567
2015-06-01 04:30:00,2.094953279109033,11.883570671081666,71.782076517741,0.0,2.0979070663452
2015-06-01 04:45:00,2.205611377482433,11.93857161204,71.41460164388035,0.0,2.1895495653152666
2015-06-01 05:00:00,2.6105923697821334,12.093262354533,70.55140940348299,0.0,2.046165108680733
2015-06-01 05:15:00,2.595365755046533,12.107773780822669,70.327247619629,0.0,2.3579159577687334
2015-06-01 05:30:00,2.3303537114709334,12.076399803161666,70.427037556966,0.0,2.6441778341929
2015-06-01 05:45:00,2.489460049181933,11.977458000183333,70.64518737792967,0.0,2.6803061167399336
2015-06-01 06:00:00,3.3998245487702667,11.997610092163,69.88575490315733,0.0,2.4621113141378
2015-06-01 06:15:00,3.982288402830767,11.975907961527334,69.51175435384134,0.0,2.555312951405833
2015-06-01 06:30:00,3.7860387608153,11.915646553039332,69.330622355143,0.0,2.5690801143646
2015-06-01 06:45:00,3.5740928632393003,11.848428090413668,69.28011576334633,0.0,2.716034412384033
2015-06-01 07:00:00,2.9009502271112004,11.797500928243002,69.205655415853,0.0,3.780568361282333
2015-06-01 07:15:00,2.7211981043294333,11.799365679422666,69.13064066569,0.0,9.3155425389606
2015-06-01 07:30:00,2.4482550603752,11.839980125427,69.05053710937534,0.0,21.13916842142733
2015-06-01 07:45:00,2.5336707039470667,11.825730641683,69.149721781413,0.0,51.47726186116534
2015-06-01 08:00:00,2.606599385206833,12.110897382100331,68.19508107503266,0.0,96.92194112142067
2015-06-01 08:15:00,2.792950851234433,12.361606915791668,66.96021016438833,0.0,125.09788513183666
2015-06-01 08:30:00,3.025699316298167,12.490973790486668,66.16854095458966,0.0,139.48731994628668
2015-06-01 08:45:00,2.8472732433929333,12.531482378641668,66.19035339355467,0.0,154.90350341797
2015-06-01 09:00:00,3.4956640375659,12.631832440694334,65.808049519857,0.0,180.04515075684
2015-06-01 09:15:00,3.514555546158467,12.981025060017666,64.64948272705067,0.0,242.69146219889333
2015-06-01 09:30:00,3.6508639720364,13.080808003743334,64.05779139200867,0.0,224.09696451823
2015-06-01 09:45:00,4.4065334109751335,13.208505312601666,63.529165903727325,0.0,288.64459228515665
2015-06-01 10:00:00,4.1657487322127,14.079667091369666,60.45114517211933,0.0,472.62001546224
2015-06-01 10:15:00,4.443752700224567,13.957350413004336,60.02576192220067,0.0,288.9570007324233
2015-06-01 10:30:00,4.2875292428055,14.609202384948668,57.80250422159833,0.0,567.8372395833334
2015-06-01 10:45:00,4.628149132339501,15.061542828877668,55.42701975504567,0.0,579.0235799153667
2015-06-01 11:00:00,4.670810374162067,15.122411410014,54.659570058187,0.0,573.4492390950533
2015-06-01 11:15:00,4.593751661685933,16.163495063781667,51.10470708211267,0.0,694.8331909179666
2015-06-01 11:30:00,4.454019100756967,16.206680297851666,50.753256479899335,0.0,696.1275431315099
2015-06-01 11:45:00,3.9652253012930654,16.137305577596,51.138161977132,0.0,706.8932698567733
2015-06-01 12:00:00,4.4870466348196665,16.126357396443666,51.414747873942,0.0,714.53466796875
2015-06-01 12:15:00,3.7016871713829,16.39774894714367,50.17334874471033,0.0,707.40041097005
2015-06-01 12:30:00,3.9809870778636665,16.876844406128,48.714032491048,0.0,705.3379720052067
2015-06-01 12:45:00,3.597903392569833,17.064488728841,47.977349599202334,0.0,647.7996419270834
2015-06-01 13:00:00,3.656970759764333,17.095705032348665,48.01627604166666,0.0,564.0872090657533
2015-06-01 13:15:00,3.987155766168567,17.036061604817665,48.66295242309567,0.0,668.21105957031
2015-06-01 13:30:00,3.6043230387058336,17.736051559448,46.18884913126633,0.0,665.0489501953133
2015-06-01 13:45:00,3.5245406125424665,17.751511891682668,46.163033803304,0.0,618.3430989583334
2015-06-01 14:00:00,3.8135094597791,18.05258687337233,45.558993021647005,0.0,623.3313598632834
2015-06-01 14:15:00,3.7326670414257,18.050906499227,45.65247472127266,0.0,594.84613037109
2015-06-01 14:30:00,3.595987741905867,18.188207626342663,45.24821980794267,0.0,549.4757486979166
2015-06-01 14:45:00,3.1667383237826,18.44006856282567,44.28519948323567,0.0,515.6854451497401
2015-06-01 15:00:00,3.753889667464533,18.49024645487467,44.14787165323867,0.0,501.2644144694033
2015-06-01 15:15:00,3.318078699885666,17.965687433878667,45.32176717122366,0.0,291.08074951172
2015-06-01 15:30:00,3.5444101679109004,18.055786132812333,45.23747380574567,0.0,398.70864868164
2015-06-01 15:45:00,4.029083649515767,18.15020942688,44.394489288330334,0.0,392.9593098958333
2015-06-01 16:00:00,4.247921262392033,18.10880724589,44.63035964965834,0.0,328.08973185221333
2015-06-01 16:15:00,4.3851639366347,18.039382934570668,44.26426696777367,0.0,279.32813517252333
2015-06-01 16:30:00,4.286135376034434,17.59321530660033,45.35261535644533,0.0,227.4509938557933
2015-06-01 16:45:00,3.8505724522794,17.330638249714998,46.24999618530267,0.0,173.56779479980665
2015-06-01 17:00:00,3.2373580517114,17.004985809326,47.11768595377566,0.0,122.85020701090332
2015-06-01 17:15:00,2.9323147461026333,16.72106107076033,47.95047887166367,0.0,51.74936103820833
2015-06-01 17:30:00,3.0976233715044668,16.222543716430668,49.50107192993167,0.0,21.410707473755
2015-06-01 17:45:00,2.9842068562673,15.895468393961666,50.20529683431,0.0,11.945839246114302
2015-06-01 18:00:00,2.6935089431298667,15.503535906474,51.21767679850267,0.0,5.749274253845201
2015-06-01 18:15:00,2.0686970588677336,15.075932820638,52.33838780721033,0.0,3.795528729756701
2015-06-01 18:30:00,1.6386555606091668,14.584311167399331,53.863390604655,0.0,3.618353764216133
2015-06-01 18:45:00,2.0231351436487666,14.252497990926,54.91283798217767,0.0,3.0304485162099333
2015-06-01 19:00:00,1.8615659400453664,14.108033816019336,55.26278305053734,0.0,2.8798812230428
2015-06-01 19:15:00,1.5756857638203332,13.772752761841,56.30212783813467,0.0,2.9487952391306336
2015-06-01 19:30:00,1.4681392069997663,13.488907178242664,57.008389790853,0.0,3.025097767512
2015-06-01 19:45:00,1.1832711626043333,13.021613756815666,58.36291631062833,0.0,3.5733389854431
2015-06-01 20:00:00,1.2445221808207667,12.204501152038333,60.82065709431967,0.0,3.9933382670084665
2015-06-01 20:15:00,0.9397051302094432,11.254659652709998,65.07776769002267,0.0,4.2104051907857
2015-06-01 20:30:00,0.64267748571841,10.634325027466,67.97787729899066,0.0,3.784534215927101
2015-06-01 20:45:00,1.04684129768451,10.238019625345666,69.67320760091167,0.0,3.610976219177233
2015-06-01 21:00:00,1.3271468236303334,10.229631741841668,69.40117645263668,0.0,2.960383097330733
2015-06-01 21:15:00,1.3360129112545664,10.113194147745867,69.757609049479,0.0,2.8621523380279665
2015-06-01 21:30:00,0.7356949351600166,9.7479035059611,69.97788747151667,0.0,3.0324709415436
2015-06-01 21:45:00,0.7027287939305301,9.465430577596033,71.794377644857,0.0,3.0737717151642
2015-06-01 22:00:00,0.7852166991604167,9.261418660481766,72.02312978108733,0.0,2.818281571070333
2015-06-01 22:15:00,0.6179410085283933,8.8667033513387,73.165771484375,0.0,3.196987708409633
2015-06-01 22:30:00,0.5514359912023533,8.562213579813667,74.85410054524733,0.0,3.0075434843699003
2015-06-01 22:45:00,0.7426421711274767,8.417239824930833,75.009930928548,0.0,3.121513923009233
2015-06-01 23:00:00,0.7566134227366467,8.394145647684732,73.95177459716801,0.0,2.7242019176483
2015-06-01 23:15:00,0.56448857997004,8.213914235432933,75.631675720215,0.0,2.9909718036651665
2015-06-01 23:30:00,0.4127551109201899,7.730624516805,76.42711130778001,0.0,3.148030757904067
2015-06-01 23:45:00,0.91850627982012,7.5865419705709,77.246604919434,0.0,2.7386863231659
2015-06-02 00:00:00,0.9868779615833032,7.582492033640567,76.409393310547,0.0,2.658392826716067
2015-06-02 00:15:00,0.7405888336238866,7.4968310991923,76.93244679768867,0.0,2.9061608314514
2015-06-02 00:30:00,1.0881170173929433,7.0975883801778,79.295674641927,0.0,2.9987869262695668
2015-06-02 00:45:00,1.3405735091085331,6.720011234283433,79.78119913736965,0.0,3.094596147537233
2015-06-02 01:00:00,0.9813262259969732,6.619839032491067,80.785077412923,0.0,2.7816404501597005
2015-06-02 01:15:00,1.264216454241763,6.723508040110301,80.335484822591,0.0,2.613118648529033
2015-06-02 01:30:00,1.5603481960535,6.713135878245033,79.73561859130832,0.0,2.6257609526316
2015-06-02 01:45:00,1.4338433292331665,6.454875469207733,81.28477223714233,0.0,2.5730472405751668
2015-06-02 02:00:00,0.88698636918782,6.695899168650333,80.68661499023433,0.0,2.3654330571492665
2015-06-02 02:15:00,0.8301288790799767,7.074846426645901,79.74240875244134,0.0,2.181334773699433
2015-06-02 02:30:00,0.9626352320049434,7.097038269042966,78.017583211263,0.0,2.1311292648315336
2015-06-02 02:45:00,0.7614893514895433,7.345472653706866,76.91704559326166,0.0,2.2644497950871667
2015-06-02 03:00:00,0.8292688937468666,7.2639889717102335,76.56195322672534,0.0,2.677552461624167
2015-06-02 03:15:00,0.9238895548848934,7.1475542386373005,76.66344197591134,0.0,2.9327920277913333
2015-06-02 03:30:00,0.7618862525138868,6.780255158742233,78.54859670003266,0.0,3.4206891854604
2015-06-02 03:45:00,0.6502862896205567,6.3567792574564335,80.54952494303366,0.0,3.101435422897333
2015-06-02 04:00:00,0.5372507697851666,6.122738202412933,81.375119527181,0.0,3.220332225163767
2015-06-02 04:15:00,0.59955272910873,5.814857641855866,82.76040649414033,0.0,2.7614696820577
2015-06-02 04:30:00,0.87945847313674,5.949506759643533,82.69173177083333,0.0,2.312311331431067
2015-06-02 04:45:00,1.1451644919390669,6.005464076995833,82.314852396647,0.0,2.5430506070455
2015-06-02 05:00:00,1.0878029227395134,6.402391592661567,80.810755411784,0.0,2.150892376899733
2015-06-02 05:15:00,0.9666266712734034,6.3589054743449,80.32562255859399,0.0,2.8276731967926003
2015-06-02 05:30:00,1.0330208238714669,5.843278725942,82.35185496012366,0.0,3.7110195954640672
2015-06-02 05:45:00,1.4465462812900334,5.4737245241801,84.56359354654967,0.0,3.1309567292531
2015-06-02 06:00:00,1.4523239186608,5.320765654246034,85.10045115152967,0.0,2.9538439909617
2015-06-02 06:15:00,0.8989043936724567,5.172072251637767,85.52429707845033,0.0,3.039058685302733
2015-06-02 06:30:00,0.7634956233619034,5.225738048553467,84.62684122721367,0.0,2.7206358909607
2015-06-02 06:45:00,0.82837716339605,5.1198822657267336,84.20747121175133,0.0,2.8485266367594337
2015-06-02 07:00:00,0.8929903057076101,5.175456047058099,84.695063273112,0.0,4.177478472391766
2015-06-02 07:15:00,0.98955701590283,5.185643037160234,83.674227396647,0.0,10.841789881388364
2015-06-02 07:30:00,0.79016711170308,5.841173013051368,82.48334503173834,0.0,34.790412267049334
2015-06-02 07:45:00,0.7679147925261733,7.280718008677134,76.86125946044933,0.0,69.20728302001966
2015-06-02 08:00:00,0.8032423944055266,8.914065678914367,70.13957977294933,0.0,116.08344777425032
2015-06-02 08:15:00,1.0582687755501934,10.732933044433668,59.756862640381,0.0,173.27686055501331
2015-06-02 08:30:00,1.178305826812733,11.347894668579,56.44160079956066,0.0,235.13960266113327
2015-06-02 08:45:00,1.6890279718742,11.650669097900666,55.31456502278633,0.0,294.29089355468665
2015-06-02 09:00:00,1.9229185511487328,12.404452006022334,53.16778182983433,0.0,350.14677937825667
2015-06-02 09:15:00,1.88304155489,13.180605888366664,50.71154276529967,0.0,400.6247253417967
2015-06-02 09:30:00,2.0008200739761666,14.136029561360669,47.55302937825534,0.0,442.3187052408833
2015-06-02 09:45:00,2.0585929597053334,15.148454984029,44.22375996907533,0.0,476.9986063639333
2015-06-02 10:00:00,3.1815905768979333,16.046019554138333,41.600625356038336,0.0,525.8055114746066
2015-06-02 10:15:00,3.7846764183038335,16.49387359619133,40.042162577311,0.0,563.62150065104
2015-06-02 10:30:00,3.487514884012867,17.167478561401666,38.080602010091,0.0,590.4689941406267
2015-06-02 10:45:00,3.555959526334733,17.710848490397336,36.25806681315134,0.0,618.0103556315133
2015-06-02 11:00:00,2.898526921073933,17.975154240926,35.377857208252,0.0,644.2934977213566
2015-06-02 11:15:00,2.6680531476809004,18.476956685384,34.419315338135,0.0,664.46661376953
2015-06-02 11:30:00,2.5756190736478333,19.162306467692,33.32244364420566,0.0,686.7182413737
2015-06-02 11:45:00,2.5622712429701333,19.546017964681,32.72972361246733,0.0,707.41385904948
2015-06-02 12:00:00,2.9365212479317666,19.915294647216665,32.356670379638665,0.0,711.7369995117166
2015-06-02 12:15:00,2.6064313441257667,20.502416610717663,31.413061777751,0.0,717.4876302083334
2015-06-02 12:30:00,2.983509525517167,21.149477005005,30.547429402669,0.0,714.9486897786468
2015-06-02 12:45:00,2.7678706094996333,21.465468088786,29.896722157796333,0.0,711.6703084309934
2015-06-02 13:00:00,2.6989457741146,21.905743281046668,29.340465545654336,0.0,707.6043701171899
2015-06-02 13:15:00,2.3800681752345,22.047769546508665,29.11857668558733,0.0,694.0792439778634
2015-06-02 13:30:00,2.972144014455767,21.911417643229,29.306611378987668,0.0,681.1913655598934
2015-06-02 13:45:00,3.042420331052767,22.68127441406233,28.323843002319336,0.0,653.9389241536467
2015-06-02 14:00:00,3.057325477813733,22.965235392252666,27.71013132731133,0.0,630.1240234375
2015-06-02 14:15:00,3.084863198942833,23.19718170166,27.234476725260667,0.0,602.43088785807
2015-06-02 14:30:00,3.1777609533316333,23.130259831746667,27.12297693888333,0.0,561.20770263672
2015-06-02 14:45:00,3.0800387509835665,23.26214154561367,26.42341486612933,0.0,524.43827311198
2015-06-02 15:00:00,3.106347202596,23.54821268717467,25.983001073201667,0.0,505.45095825195335
2015-06-02 15:15:00,4.205320596597667,23.115239461263,26.421391805012664,0.0,465.8731180826833
2015-06-02 15:30:00,4.494680097403833,22.792539596557663,26.976215998331668,0.0,422.97546386718665
2015-06-02 15:45:00,4.389566559977866,22.661408742268662,27.095574061075663,0.0,381.34204101562335
2015-06-02 16:00:00,3.581599434055967,22.362873077392333,27.671518961588333,0.0,331.17724609375
2015-06-02 16:15:00,2.994723243295067,22.148451487223337,28.190116246541,0.0,280.3259989420567
2015-06-02 16:30:00,3.3950418682473664,21.876704533895,28.819880167643003,0.0,220.76183573405
2015-06-02 16:45:00,3.377496542671833,21.48807144165033,29.472151438395333,0.0,174.48217264811333
2015-06-02 17:00:00,3.0293975446313,21.124607086181665,30.140422185262,0.0,124.77508544921666
2015-06-02 17:15:00,2.7838308034686663,20.75838470459,30.96962738037133,0.0,46.42279052734367
2015-06-02 17:30:00,2.5457002995856666,20.270657857259,31.71634229024233,0.0,21.55672454834
2015-06-02 17:45:00,1.8265983394705667,19.709558486938665,32.761038462321004,0.0,13.202373186747332
2015-06-02 18:00:00,1.5204558791812337,19.051937103271666,33.945836385091,0.0,6.385474522908534
2015-06-02 18:15:00,1.6357464542525666,18.564613978068,34.927838643392334,0.0,3.832357168197667
2015-06-02 18:30:00,1.4349326381015668,18.175512313842667,36.01578521728501,0.0,3.2895705699920668
2015-06-02 18:45:00,1.4026295880378334,17.625600179036336,37.591871897379335,0.0,3.5685873826344667
2015-06-02 19:00:00,1.2443092375380334,17.213919321696,38.67538324991833,0.0,3.544348319371533
2015-06-02 19:15:00,1.3698769419864,16.789139429728,39.639321645101,0.0,3.0833513736725
2015-06-02 19:30:00,1.5034918097362666,16.47617022196467,40.344463348388665,0.0,3.1270468235016
2015-06-02 19:45:00,1.3872381994413,16.206444422404,41.06458791097,0.0,3.304022232691433
2015-06-02 20:00:00,1.751597225129767,16.211165746053,41.16279729207366,0.0,2.1105657815933334
2015-06-02 20:15:00,2.271795059288633,16.217410405476667,41.169862111409664,0.0,2.127995888392133
2015-06-02 20:30:00,2.0872514698108,15.920034090678,42.001281738281335,0.0,2.817568302154533
2015-06-02 20:45:00,2.0839086620512,15.236124674479,43.85602315266934,0.0,3.7531410853068
2015-06-02 21:00:00,1.687644171673467,14.646805127461668,45.64092254638666,0.0,3.5932210286458663
2015-06-02 21:15:00,1.4929259287379668,13.845521291097,47.804110209147005,0.0,3.997742732365933
2015-06-02 21:30:00,0.59475052253008,12.906346003214331,51.52565383911133,0.0,4.383658409118634
2015-06-02 21:45:00,0.6704128515925399,12.540484428405668,53.084051767985,0.0,3.436773538589467
2015-06-02 22:00:00,0.9519069392576266,12.248210589091,53.837704976399664,0.0,3.1645488739013667
2015-06-02 22:15:00,1.0708990981855333,12.230298995971664,53.73257064819333,0.0,2.5568393071492665
2015-06-02 22:30:00,0.7482316342765466,11.559915542602331,55.34933980306,0.0,3.610118707021067
2015-06-02 22:45:00,1.2660786372890669,11.337669372558668,56.385311126709006,0.0,2.6459269523620668
2015-06-02 23:00:00,1.4541866756792,11.922234853108668,54.43294906616234,0.0,1.9935190280278663
2015-06-02 23:15:00,1.4575267901897335,12.410742759704666,52.32714716593434,0.0,2.1523554722468
2015-06-02 23:30:00,0.9575839771529868,12.003181775411,53.50838979085267,0.0,3.259123007456433
2015-06-02 23:45:00,0.8303076931573568,10.991590817769334,57.32410812377933,0.0,3.978741645813
2015-06-03 00:00:00,0.7062410445853033,10.1688992182412,59.624027252197,0.0,3.715717633565267
2015-06-03 00:15:00,0.95179256447554,9.4120356241862,62.88672129313133,0.0,3.7146073977152665
2015-06-03 00:30:00,1.050602905674,9.284046808878566,63.80691274007166,0.0,3.2038257122040004
2015-06-03 00:45:00,0.79860139644416,9.106760342915868,64.276481628418,0.0,3.3681130409241
2015-06-03 01:00:00,1.2367698620647,8.508688608805334,65.345932006836,0.0,3.474767287572233
2015-06-03 01:15:00,1.6510169557024668,8.269363403320334,66.744453430176,0.0,3.0088770389557
2015-06-03 01:30:00,2.3607693237584666,8.623482386271165,65.089391072591,0.0,1.7427334785461337
2015-06-03 01:45:00,1.04464724895508,9.342620213826466,62.23376083374033,0.0,2.212299744288133
2015-06-03 02:00:00,0.8296911819550167,9.1989498138428,63.413584391276,0.0,2.876940806706733
2015-06-03 02:15:00,0.9051649835828134,8.578536351521834,65.384953816732,0.0,3.327978849411
2015-06-03 02:30:00,0.65442249102632,8.209291140238433,66.22629547119134,0.0,3.3282234668731667
2015-06-03 02:45:00,0.6297336644765533,7.758441448211666,67.85844930013,0.0,3.1819543043772
2015-06-03 03:00:00,0.60617279050414,7.297131856282566,69.525110880534,0.0,3.3809480667114333
2015-06-03 03:15:00,0.7325684262065867,7.343416372934967,70.19023895263668,0.0,2.9609624544779667
2015-06-03 03:30:00,0.59924138289388,7.145417531331368,71.116422017415,0.0,2.8440135320027333
2015-06-03 03:45:00,0.8895565676783034,7.203239599863667,71.25242869059234,0.0,2.1549957195917666
2015-06-03 04:00:00,1.38601290357083,7.435292720794667,70.310173034668,0.0,1.8013410170873
2015-06-03 04:15:00,1.363452395020167,9.030510743459066,64.723055521647,0.0,1.3957113822301002
2015-06-03 04:30:00,1.8044094992911,11.115982055664,55.74627176920567,0.0,1.3796677192052
2015-06-03 04:45:00,1.11083013603212,11.099824905395666,56.020576477051,0.0,2.283007979393
2015-06-03 05:00:00,2.064571884330133,11.732504208882666,53.297817230224666,0.0,1.4270628690719669
2015-06-03 05:15:00,1.3040354131906966,12.995000521341666,48.47820790608733,0.0,1.5806353489558
2015-06-03 05:30:00,1.375586365098,11.263165791829332,54.56612904866533,0.0,3.2842159271240328
2015-06-03 05:45:00,1.5031314883324332,10.601052602132334,57.049601236978994,0.0,2.901380856831867
2015-06-03 06:00:00,1.4679566400343669,11.921591758728,52.66764831542967,0.0,2.300612290700266
2015-06-03 06:15:00,1.00552641548553,12.082014719645334,52.002160390218,0.0,2.3179457187652663
2015-06-03 06:30:00,2.311316016851133,12.855477015177334,49.03185526529933,0.0,1.5211516618728331
2015-06-03 06:45:00,1.0511400101804866,12.740557034810331,49.387738545736,0.0,2.6761945883433
2015-06-03 07:00:00,1.0866459073556032,12.72260983785,49.15357844034799,0.0,5.813904762268066
2015-06-03 07:15:00,2.3113807872836,12.266040802002,50.69196065266933,0.0,10.4373318354287
2015-06-03 07:30:00,1.8977241774657667,13.285246213277333,47.168539683024,0.0,23.280223210652668
2015-06-03 07:45:00,1.8221245437094336,13.400830904642667,46.93828455607101,0.0,41.91582107543933
2015-06-03 08:00:00,2.5146085051759,14.008324623108,45.50314331054701,0.0,81.11875661214201
2015-06-03 08:15:00,2.8867528308836667,14.561539014180669,43.661561330159664,0.0,128.89939626058
2015-06-03 08:30:00,2.612756240876533,16.106878598531,39.25529352823933,0.0,263.02297973633
2015-06-03 08:45:00,3.0175226121317333,16.026516596476334,39.32779947916666,0.0,151.4744313557933
2015-06-03 09:00:00,3.2907949388981,16.22162501017267,39.23153559366867,0.0,210.27772521972668
2015-06-03 09:15:00,2.9817897314573667,16.96359761556,38.30323537190767,0.0,278.68054199218665
2015-06-03 09:30:00,2.3829788710495667,18.171706517537668,35.925013224283994,0.0,400.10593159993664
2015-06-03 09:45:00,2.3700951180922,19.55158551534033,32.771652221679666,0.0,434.5847880045567
2015-06-03 10:00:00,2.9963216203886667,19.88148880004867,31.60061518351233,0.0,376.2543538411433
2015-06-03 10:15:00,2.9431102596976,20.65899658203133,30.266410827637003,0.0,325.57999674479333
2015-06-03 10:30:00,3.250417925497034,21.836247126261668,28.268453598022333,0.0,620.57588704427
2015-06-03 10:45:00,3.732113291756933,22.844940185547,26.204819361368667,0.0,653.0550944010433
2015-06-03 11:00:00,3.3629285377121003,22.66561317443833,26.263807296753,0.0,411.70044962565
2015-06-03 11:15:00,2.721981619049733,23.40934499104833,25.495069503784,0.0,650.6348266601567
2015-06-03 11:30:00,2.5119249694665,24.514208475748664,23.81800142923967,0.0,671.1823933919267
2015-06-03 11:45:00,2.439941221264533,24.821200052897,23.43306159973167,0.0,692.29707845052
2015-06-03 12:00:00,2.2691547921708333,25.601503372192337,22.427440643310664,0.0,699.5181274414034
2015-06-03 12:15:00,2.6353776786683336,26.059886932373,22.10592397054033,0.0,704.58231608073
2015-06-03 12:30:00,1.7943275200923334,26.638675689697,21.644823074341,0.0,704.22149658203
2015-06-03 12:45:00,1.8206294814160664,26.193482081095667,22.42878150939933,0.0,709.5708414713532
2015-06-03 13:00:00,1.6139664581117668,26.584821701049663,21.77287419637033,0.0,700.5741984049467
2015-06-03 13:15:00,1.4449908637266369,27.442628224691003,21.50004959106433,0.0,668.1413574218767
2015-06-03 13:30:00,1.6667422851074665,27.479697545369664,21.190460205078,0.0,689.54170735677
2015-06-03 13:45:00,1.6707933952957668,27.333031972249334,21.66391499837233,0.0,646.6551310221333
2015-06-03 14:00:00,1.7045058976539,27.416019439697,21.469519297281664,0.0,624.9436238606767
2015-06-03 14:15:00,1.5939326587019,27.50014877319333,21.210285822550333,0.0,600.2083536783866
2015-06-03 14:30:00,2.1732568024734,28.096497853597,20.59794108072933,0.0,561.12725830078
2015-06-03 14:45:00,2.4636930730867337,27.795264561971,21.025845209757662,0.0,529.5935058593733
2015-06-03 15:00:00,1.7882500490427,28.309281667073662,20.17873255411767,0.0,527.4448038736967
2015-06-03 15:15:00,2.7547621689275004,28.665671030680333,19.844575246175,0.0,513.48303222656
2015-06-03 15:30:00,2.449794627505633,28.462484995523667,20.675074895223,0.0,385.4405008951833
2015-06-03 15:45:00,2.129899951814,27.546648025512667,22.134260813395,0.0,211.51374308268336
2015-06-03 16:00:00,2.610049304806367,27.81388346354133,21.849523544311666,0.0,362.6794637044266
2015-06-03 16:15:00,1.8727427912171668,27.787140528361004,22.097447713216,0.0,269.22194417317667
2015-06-03 16:30:00,1.6292693227020998,26.880451202392333,23.225053151448336,0.0,89.89007568359399
2015-06-03 16:45:00,0.92984311440167,25.752671559651663,25.353298187256,0.0,65.44570922851533
2015-06-03 17:00:00,1.1385905800286933,25.468872070312667,25.651286443074667,0.0,114.19637552896933
2015-06-03 17:15:00,1.4794583147042666,25.18895403544133,26.05881881713867,0.0,42.541696548462
2015-06-03 17:30:00,1.5841239780559333,24.510608037312664,26.824768066406,0.0,22.976375579833668
2015-06-03 17:45:00,1.2986097746426333,23.467449824014995,27.318532307942665,0.0,13.986128489176666
2015-06-03 18:00:00,1.2956455229076,22.145004908243664,29.818158467611,0.0,7.862598578135167
2015-06-03 18:15:00,0.9083509647738132,20.734587987264003,32.580556869506665,0.0,5.7838428815206
2015-06-03 18:30:00,1.0257832247484533,19.426456451416,35.64185969034833,0.0,5.3428114255269
2015-06-03 18:45:00,0.8614573703462366,18.475568771362333,38.453361511230334,0.0,4.183104991912834
2015-06-03 19:00:00,0.7832917325037334,17.75587844848633,40.568232218424335,0.0,4.097794930140167
2015-06-03 19:15:00,1.0903294773496002,16.897802352905334,43.09015274047832,0.0,3.7885977427164654
2015-06-03 19:30:00,1.312067498712567,16.585471471151,43.74629847208666,0.0,3.1036820411682
2015-06-03 19:45:00,1.012007388227273,16.093777974446667,45.66205851236967,0.0,3.3687664667765334
2015-06-03 20:00:00,1.1137074752952334,16.211886723836333,45.276020050048665,0.0,3.0280983448028667
2015-06-03 20:15:00,0.8736477220479699,15.817565917968668,46.15478006998666,0.0,3.031665007273366
2015-06-03 20:30:00,1.4918557816744,15.347029368082667,47.08604558308934,0.0,2.7018572489420336
2015-06-03 20:45:00,1.3834774965601,15.086736679077,47.401406606038336,0.0,2.8736159006754662
2015-06-03 21:00:00,1.3742917953294331,14.835446039835332,48.360172271728665,0.0,2.9815079371134665
2015-06-03 21:15:00,0.7328585906798066,14.643287658691332,49.23873774210634,0.0,1.8004756768544663
2015-06-03 21:30:00,0.7237348121018433,15.303969701131336,47.04980595906567,0.0,1.6508732239405666
2015-06-03 21:45:00,0.8411750635204333,15.889217058817666,44.737756093343,0.0,1.6396906773249
2015-06-03 22:00:00,0.6271491387840933,16.180067062377663,43.85991795857766,0.0,2.3706041177114
2015-06-03 22:15:00,0.6136413688483233,15.791487693786666,44.49371210734066,0.0,3.3251558144887
2015-06-03 22:30:00,0.64849554390097,15.294720013936333,46.031277974446674,0.0,2.3416325648626
2015-06-03 22:45:00,0.5995523096683033,15.217586517333666,45.981065114339,0.0,3.0755047003428
2015-06-03 23:00:00,0.81275155043395,14.914078076680331,46.77339172363266,0.0,3.0938325723012667
2015-06-03 23:15:00,0.8865322476587267,14.288386662801,48.09723281860367,0.0,4.0448668003082
2015-06-03 23:30:00,0.54178236002215,13.448991457621332,50.71322504679367,0.0,4.0808902581533
2015-06-03 23:45:00,0.72879560370461,13.061680475870666,51.612299601237,0.0,3.3304911454518664
2015-06-04 00:00:00,0.8344588067741433,12.482584953308,53.80482101440433,0.0,3.594463030497233
2015-06-04 00:15:00,0.8455271111782467,11.967014312744,56.736031850179,0.0,3.4472373326619667
2015-06-04 00:30:00,1.1277085071748,11.949758211771666,55.760540008544666,0.0,2.790841182072967
2015-06-04 00:45:00,1.127651882717,11.988192558288668,56.420263926188,0.0,2.978651762008667
2015-06-04 01:00:00,1.1524512097438333,11.651823997497331,57.19809468587233,0.0,3.0043954054514668
2015-06-04 01:15:00,1.3449861107186998,11.387429555257,57.76706186930367,0.0,2.987641255060866
2015-06-04 01:30:00,1.6027916820662669,10.971778233846,58.147238413493,0.0,3.088940620422367
2015-06-04 01:45:00,1.4764370632225334,11.027292569478334,57.818583170573,0.0,2.7848519484202003
2015-06-04 02:00:00,1.1786067201306032,10.478844006856,59.29771677653,0.0,3.2433339754740333
2015-06-04 02:15:00,0.6427720695350166,10.016652743021869,61.08609771728501,0.0,3.146084547042834
2015-06-04 02:30:00,0.73175967883317,10.437543551127334,59.41009648640934,0.0,2.821378310521433
2015-06-04 02:45:00,0.5525430490236299,9.873779614766534,61.14899953206367,0.0,3.0386521021525
2015-06-04 03:00:00,0.5147992164047567,9.770245869954437,63.252449035644666,0.0,2.5243655840556
2015-06-04 03:15:00,0.5626385938088867,9.865249633789068,62.17303593953466,0.0,2.7182831764221334
2015-06-04 03:30:00,0.5912051360814566,9.701530456543,63.36143875122067,0.0,2.5808353026708
2015-06-04 03:45:00,0.5952792382280033,9.618186314900736,63.259089152018,0.0,3.0424145062764665
2015-06-04 04:00:00,0.4536257505159367,9.172866185506166,65.55778503417967,0.0,3.0857586065928
2015-06-04 04:15:00,0.4559423310399866,8.9911855061849,65.99692535400366,0.0,3.000102678934733
2015-06-04 04:30:00,0.46260528573815,8.693903923034666,67.47105916341133,0.0,3.1876424948374336
2015-06-04 04:45:00,0.6687969904557867,8.415904680887868,68.690259297689,0.0,3.1135601202647
2015-06-04 05:00:00,0.8565339123700467,8.3575757344564,68.60846710205067,0.0,2.7976457277934
2015-06-04 05:15:00,0.8309352864173434,8.132964928944899,69.02474975585933,0.0,3.015218337376933
2015-06-04 05:30:00,1.1058284193023231,7.848342418670666,71.276341756185,0.0,2.7842144966125333
2015-06-04 05:45:00,1.0419781066751437,7.737388610839833,71.05116271972666,0.0,3.0621449152628664
2015-06-04 06:00:00,1.482824611127867,7.534790356953934,72.05639902750634,0.0,2.9851382573445666
2015-06-04 06:15:00,1.4582716280873331,7.6395247777303,71.030502319336,0.0,2.7218461831410665
2015-06-04 06:30:00,1.2044763266758869,7.391145865122467,71.491630554199,0.0,3.034554004669167
2015-06-04 06:45:00,0.93259281131967,7.395956198374432,72.27057393391966,0.0,2.525047461191833
2015-06-04 07:00:00,0.8948556455960267,7.700337568918833,70.37021891276034,0.0,4.371692180633533
2015-06-04 07:15:00,0.9806971978092331,6.963714440663668,73.02378336588566,0.0,10.7647860844929
2015-06-04 07:30:00,0.6305338022832899,7.4877068201701,71.453623453776,0.0,31.83798662821433
2015-06-04 07:45:00,0.86107748977296,9.499291102091368,65.513666788737,0.0,66.38101959228533
2015-06-04 08:00:00,0.7957781870721167,11.036787033081,61.63508097330733,0.0,113.489013671873
2015-06-04 08:15:00,0.7437953232442567,13.351236343383666,56.961088816325,0.0,169.67130533854
2015-06-04 08:30:00,0.5619075532937866,16.397716204325334,45.894329071045,0.0,229.6488138834633
2015-06-04 08:45:00,0.69472470053832,16.703604380289665,43.145679473877,0.0,289.8391927083333
2015-06-04 09:00:00,0.8205953072034533,17.578883488973002,39.08142979939766,0.0,350.7785644531233
2015-06-04 09:15:00,0.7141355426087399,18.834817886352667,34.19395319620733,0.0,401.36415608724
2015-06-04 09:30:00,1.1449615931507666,19.17874844869,32.241558074951,0.0,446.28000895182
2015-06-04 09:45:00,1.3670368887698,19.651053110758333,31.351300557454334,0.0,482.6198425293
2015-06-04 10:00:00,1.3531266547050331,20.278128941853662,30.348672231038336,0.0,530.6279907226567
2015-06-04 10:15:00,1.6374142376991998,21.076548894246333,29.003720601399664,0.0,569.85371907552
2015-06-04 10:30:00,1.8272539469359668,21.513525644938,27.666393280029336,0.0,599.4303588867166
2015-06-04 10:45:00,3.0617854982681,21.75091234842933,27.427636464437,0.0,625.6645100911467
2015-06-04 11:00:00,3.452465735388433,22.21831703186033,26.72901344299333,0.0,652.1700642903634
2015-06-04 11:15:00,3.4045397656116667,22.87959162394233,25.993921279907337,0.0,674.27532958984
2015-06-04 11:30:00,3.2609878242931334,23.038189570109,27.01139005025233,0.0,701.86887613932
2015-06-04 11:45:00,3.763571147281666,23.426717122396,28.82293256123833,0.0,720.1450805664034
2015-06-04 12:00:00,3.6677295392081,23.300681432088336,30.096767425537,0.0,728.1360066731767
2015-06-04 12:15:00,3.0519321803302666,24.019587834676333,27.75718371073433,0.0,729.9967447916666
2015-06-04 12:30:00,3.667895372708,23.941003163655665,28.318499247233333,0.0,732.6307169596366
2015-06-04 12:45:00,3.7964067983862666,24.176307678222667,27.960257212321,0.0,726.4364217122367
2015-06-04 13:00:00,3.322322377382267,24.154239018758,28.229714075724,0.0,719.5043945312467
2015-06-04 13:15:00,3.6398937946167,24.147757848103662,28.059286117553665,0.0,708.7020263671866
2015-06-04 13:30:00,3.2441446861464,24.24509620666533,27.86850611368833,0.0,688.91874186198
2015-06-04 13:45:00,3.4049388079897334,24.39662361145,27.16013018290233,0.0,666.8765665690099
2015-06-04 14:00:00,3.285973404946,24.440470377604,26.582163492838664,0.0,641.11934407552
2015-06-04 14:15:00,3.7514619462649,24.61524327596033,26.25137011210133,0.0,613.4980061848934
2015-06-04 14:30:00,3.199375999005,24.531183242798,26.082181930542003,0.0,573.2901204427067
2015-06-04 14:45:00,3.893750179800066,24.468390782674003,25.635026931762667,0.0,535.9350179036467
2015-06-04 15:00:00,3.3327238818842666,24.572423934936666,25.479738235473665,0.0,518.69158935547
2015-06-04 15:15:00,3.5269784886156668,24.475529988606667,24.465997695922667,0.0,478.26525878906335
2015-06-04 15:30:00,3.1694073777592666,24.192519505818662,24.587534586588333,0.0,435.6253255208367
2015-06-04 15:45:00,3.493484536796567,24.16081492106133,24.49497540791833,0.0,393.6234944661433
2015-06-04 16:00:00,3.868347896119433,23.940256754557662,25.12096277872733,0.0,344.27014160156665
2015-06-04 16:15:00,4.114750780738199,23.70585441589333,25.12585512797033,0.0,291.6872863769533
2015-06-04 16:30:00,4.1009170172863,23.244492212931664,25.477420806885004,0.0,237.40693155924336
2015-06-04 16:45:00,2.967086004405333,22.955987930297667,26.164492925008336,0.0,181.1814066569033
2015-06-04 17:00:00,3.3279977154401,22.538350423177,26.708024342855,0.0,126.91884104410668
2015-06-04 17:15:00,2.8409856989161333,22.128932952881,27.81786664327,0.0,44.42242495218934
2015-06-04 17:30:00,2.9176994106019336,21.65469233195,28.58353360494,0.0,21.179289499918667
2015-06-04 17:45:00,2.2334299029404,20.938681920369334,29.763645807901668,0.0,12.677809715271332
2015-06-04 18:00:00,1.7867824932111331,20.075740814208668,31.281045277913663,0.0,7.2050240834554
2015-06-04 18:15:00,1.7510388395404668,19.331348419189663,32.570777893066335,0.0,4.3820196787516
2015-06-04 18:30:00,1.7304700107504332,18.839433670044,33.56224060058567,0.0,3.6695873737335
2015-06-04 18:45:00,1.7716275807129669,18.354210535685,34.741729736328004,0.0,3.350714206695533
2015-06-04 19:00:00,1.8818086649402328,18.017864227295,36.297368367513336,0.0,2.9143691857655667
2015-06-04 19:15:00,1.6427037347145,17.380404790242334,38.238032023112,0.0,3.603648424148567
2015-06-04 19:30:00,1.7464796986901,16.957326253255,39.600348154704,0.0,3.2067228953043667
2015-06-04 19:45:00,1.7771957627792332,16.797431310017668,40.206396738688,0.0,2.8657493591308665
2015-06-04 20:00:00,1.4977382791522331,16.214668273925668,41.978265126546,0.0,3.6512004534403335
2015-06-04 20:15:00,1.144423583536,14.876406351725334,45.148806254069,0.0,4.7695334752401
2015-06-04 20:30:00,1.02400159633922,13.308381716410333,50.44289779663067,0.0,5.127224604288734
2015-06-04 20:45:00,1.2648604056784,12.498850822448668,52.77577336629199,0.0,4.403398672739667
2015-06-04 21:00:00,1.4113166849781331,11.714790662129666,54.617594401041664,0.0,3.9600077470143336
2015-06-04 21:15:00,1.3965322929089667,11.486240704854334,55.79982757568333,0.0,3.647002696991
2015-06-04 21:30:00,0.8700018906546267,11.100054423014331,57.34792327880867,0.0,3.462822516759233
2015-06-04 21:45:00,0.4005360165111999,10.608576456706,59.19454828898101,0.0,3.707642873128233
2015-06-04 22:00:00,0.5118566541550167,10.095828692118332,61.316277821858336,0.0,3.5116608142852663
2015-06-04 22:15:00,0.64410677312986,9.994762102762968,62.40328089396133,0.0,2.3684871991475664
2015-06-04 22:30:00,0.63160405972592,9.8016897837321,63.29061253865567,0.0,3.1497095425923667
2015-06-04 22:45:00,0.86639954861101,10.428520838419669,61.199540456136,0.0,1.9502890507380333
2015-06-04 23:00:00,0.6186218376090533,10.376168568929,60.288195292155,0.0,2.6563050746917667
2015-06-04 23:15:00,0.52351075126902,9.8863627115885,62.07833480834967,0.0,3.408381144205733
2015-06-04 23:30:00,0.7927191197244333,9.278066317240366,64.06430308024066,0.0,3.1989135742187336
2015-06-04 23:45:00,0.7555695238135667,9.233302116394,65.45820363362634,0.0,2.7652112642924003
2015-06-05 00:00:00,0.6740712551608067,8.9392744700114,65.99202982584667,0.0,3.2545489470164
2015-06-05 00:15:00,0.76084297171354,8.543445905049667,67.589564005534,0.0,3.2040880521138333
2015-06-05 00:30:00,0.6884645962958333,8.393860181172668,68.36097208658866,0.0,3.1337851683299003
2015-06-05 00:45:00,0.7448639470768,7.899990876515701,69.53606923421201,0.0,3.5307822227478334
2015-06-05 01:00:00,0.9142355373780068,7.5139244397480995,71.49522145589201,0.0,3.3536524772643665
2015-06-05 01:15:00,1.03098954010406,7.332270304361967,72.43936665852867,0.0,3.0792889595031667
2015-06-05 01:30:00,1.3685678242577,6.992018381754567,73.566619873047,0.0,2.7402590115865
2015-06-05 01:45:00,1.2974797579768331,6.642939885457366,75.13330841064435,0.0,3.243924379348767
2015-06-05 02:00:00,1.2975914615857,6.433879693349167,74.83884938557934,0.0,2.982474565505967
2015-06-05 02:15:00,0.8842111305553101,6.465773423512768,73.898935953776,0.0,2.869419972101833
2015-06-05 02:30:00,0.5228158598961034,6.118699391682966,75.41233317057299,0.0,2.9147097269694
2015-06-05 02:45:00,0.9156769333723568,5.917490323384567,77.94832102457667,0.0,2.8826630115509
2015-06-05 03:00:00,0.9068118391596368,5.698873837788899,78.47778320312466,0.0,2.9960940678914336
2015-06-05 03:15:00,0.55709652742823,5.404517014821367,80.74319203694667,0.0,3.247184356053667
2015-06-05 03:30:00,0.6562304669171967,5.542177359263067,80.43975830078132,0.0,2.9334198633829662
2015-06-05 03:45:00,0.5275182286148866,5.2624653180440335,80.09749348958299,0.0,2.9454964001973334
2015-06-05 04:00:00,0.8398423467486666,5.255617936452233,81.466120402018,0.0,2.480505943298333
2015-06-05 04:15:00,0.5695198120605133,5.204231580098466,81.90008290608733,0.0,2.830785195032767
2015-06-05 04:30:00,0.7524962065292201,5.073799769083633,82.53026072184234,0.0,2.9157133897145666
2015-06-05 04:45:00,0.7366329143370001,5.1295250256856,82.09418487548834,0.0,2.9189998308817664
2015-06-05 05:00:00,0.9475815150291133,4.690372467041033,84.72447713216167,0.0,3.196780045827233
2015-06-05 05:15:00,1.1912924530541,4.5123324394226,84.82761383056634,0.0,2.8864291508992665
2015-06-05 05:30:00,1.1273907037849666,4.356104850769033,85.72281901041667,0.0,2.9794685045877665
2015-06-05 05:45:00,0.9790225487850366,4.273437023162834,85.623992919922,0.0,2.945980389912933
2015-06-05 06:00:00,1.5309784915879667,4.249669551849366,85.80447387695301,0.0,2.6004436016083
2015-06-05 06:15:00,1.4066273409885,4.146027247111,86.86727142334,0.0,2.923347393671667
2015-06-05 06:30:00,0.7107492013478299,4.1261059443156,88.53571319580067,0.0,2.8312550385793003
2015-06-05 06:45:00,0.6545993624322434,4.0694351196289,88.82343800862634,0.0,2.7358628114064665
2015-06-05 07:00:00,0.7015051537459701,3.8920882542928,89.40296173095733,0.0,4.607056379318267
2015-06-05 07:15:00,0.6799173496246333,3.719492038091033,88.69593556721999,0.0,10.888029575347934
2015-06-05 07:30:00,0.80929951155647,4.222241163253799,87.81198883056634,0.0,35.174895604451336
2015-06-05 07:45:00,0.5905949275234533,5.913071950276667,80.62102508544933,0.0,70.07810084025067
2015-06-05 08:00:00,1.0323576002508734,8.026554425557466,73.55238087971999,0.0,122.18880462646268
2015-06-05 08:15:00,0.59025379000028,10.147426287333031,67.26571655273433,0.0,174.49322001139
2015-06-05 08:30:00,0.8881035818826367,12.512032508849998,58.29459762573234,0.0,232.77986653645667
2015-06-05 08:45:00,0.9192250903353668,13.133005777995,54.385556538900005,0.0,293.3068033854167
2015-06-05 09:00:00,0.9679122120348764,14.340363184611,50.08566919962567,0.0,353.7230428059934
2015-06-05 09:15:00,1.4049624273974002,15.329354921976666,45.534750620524,0.0,406.42232259114667
2015-06-05 09:30:00,2.1620583170058,15.834842681885,43.32446416219067,0.0,451.9315287272133
2015-06-05 09:45:00,2.815488489243833,16.744403203328332,40.93528747558566,0.0,486.5917663574233
2015-06-05 10:00:00,3.280589026090633,17.577629089355668,39.459743499756,0.0,535.3662516276066
2015-06-05 10:15:00,3.617670692777,18.368682861328,39.18920516967767,0.0,574.1054077148466
2015-06-05 10:30:00,4.290030432307566,18.812671661377,38.63451766967733,0.0,601.0974527994766
2015-06-05 10:45:00,4.2721017823321,19.40247408549,37.216997782389335,0.0,626.8512980143233
2015-06-05 11:00:00,5.0828002160206,19.46055603027333,37.68175252278633,0.0,656.2709350585933
2015-06-05 11:15:00,3.7616600000833,19.952575047811,35.497659047444664,0.0,675.3417154947933
2015-06-05 11:30:00,3.5172617758026,20.543512980143,33.61980819702166,0.0,699.2812906901032
2015-06-05 11:45:00,3.8737280364189,20.613656361898,32.91004435221333,0.0,720.5013224283833
2015-06-05 12:00:00,3.406056550504033,20.87564277648933,32.566146214802664,0.0,727.1397094726567
2015-06-05 12:15:00,3.892815843132,21.40887514750133,31.64549954732233,0.0,730.9964599609366
2015-06-05 12:30:00,3.7941298108310666,21.675972620646,30.65441703796367,0.0,732.47821044922
2015-06-05 12:45:00,3.839696141212467,21.81213951110833,30.384628295898665,0.0,723.5713907877633
2015-06-05 13:00:00,4.6786321875744,22.10780525207533,29.68511390686033,0.0,716.7893066406267
2015-06-05 13:15:00,4.970187172037767,22.105812708537,29.319194793701,0.0,705.58689371745
2015-06-05 13:30:00,4.332223843521766,22.400959014892333,28.598810831705663,0.0,685.6742350260433
2015-06-05 13:45:00,4.285320690267567,22.48526763916,28.213796615600334,0.0,662.58439127604
2015-06-05 14:00:00,4.3932513662172665,22.545541127523,28.159723281860664,0.0,631.8268229166666
2015-06-05 14:15:00,4.704262293635067,22.65551630655933,28.184702555338333,0.0,603.86936442057
2015-06-05 14:30:00,4.223072640076967,22.994493484497,27.967723210652668,0.0,570.34737141927
2015-06-05 14:45:00,4.740344501958833,22.78716023763,28.100474675496333,0.0,533.2534383138033
2015-06-05 15:00:00,4.115418088383967,22.932470957438,27.387037277221665,0.0,515.71189371745
2015-06-05 15:15:00,4.6994587735456,22.76584815979033,27.839421590169334,0.0,475.5092976888
2015-06-05 15:30:00,5.2578192847048335,22.601755777995,28.07390721639,0.0,431.0856221516933
2015-06-05 15:45:00,5.0339847676258,22.538548787435,27.971406936645334,0.0,388.6789042154967
2015-06-05 16:00:00,5.2731656827965,22.32632128397633,28.28513399759933,0.0,341.38627115885333
2015-06-05 16:15:00,4.4321493885161,22.24827194213867,28.811111450195,0.0,288.56841023763
2015-06-05 16:30:00,4.584112744034434,21.928993225097667,28.547910054524667,0.0,234.97075398763
2015-06-05 16:45:00,4.1827988531729,21.62558619181333,29.03088442484533,0.0,180.08324686686
2015-06-05 17:00:00,3.8240835971310654,21.30499903361,29.96682929992667,0.0,125.33879597981668
2015-06-05 17:15:00,3.790885019676833,20.933842976888,31.02512486775733,0.0,39.92909431457533
2015-06-05 17:30:00,3.379029487058633,20.463181813558,32.185187657674,0.0,19.895498275756665
2015-06-05 17:45:00,3.2372766361166665,19.964747746785665,33.17391204834,0.0,12.161114692688132
2015-06-05 18:00:00,3.0748470498155,19.417134602864333,33.939821879069,0.0,6.5151292483012
2015-06-05 18:15:00,2.6984541016292667,18.957077026367,34.645890553792334,0.0,3.7199789683024336
2015-06-05 18:30:00,2.183930590040833,18.371114730835,36.13150405883767,0.0,3.8595574696858654
2015-06-05 18:45:00,2.1052920441532,17.796138127644667,37.99770609537767,0.0,3.668354511260967
2015-06-05 19:00:00,2.0527988537788,17.432666142781667,39.06856791178367,0.0,3.2569104035695333
2015-06-05 19:15:00,1.553605183423033,16.832324981689336,40.66866175333633,0.0,3.919291337331167
2015-06-05 19:30:00,1.2000043190555334,15.639220873515,44.16830952962233,0.0,5.155584812164333
2015-06-05 19:45:00,0.8428198881225567,14.301166216532332,48.37084706624367,0.0,4.858994483947767
2015-06-05 20:00:00,0.8597609104197866,13.345948219299332,51.29568227132168,0.0,4.229029019673667
2015-06-05 20:15:00,0.8385040889480934,12.538674354553336,54.65493392944367,0.0,4.228378136952734
2015-06-05 20:30:00,0.9049051733511266,11.990693728129,55.47327550252266,0.0,3.7551496028900337
2015-06-05 20:45:00,1.2617969452441666,11.453777313232,58.59766769409166,0.0,3.956527551015201
2015-06-05 21:00:00,1.4785293203827663,11.152064959208332,59.123296101888,0.0,3.196579694747933
2015-06-05 21:15:00,1.0330760575531537,10.553559621175332,62.236531575520665,0.0,3.5964850584666
2015-06-05 21:30:00,0.73236532873599,10.077057520548331,62.78731918334933,0.0,2.984944899876933
2015-06-05 21:45:00,0.9978688461146368,10.123621622721332,61.90963872273767,0.0,2.7675762971242333
2015-06-05 22:00:00,0.8787096836687699,10.1222753524781,62.378359476725,0.0,3.209243297576933
2015-06-05 22:15:00,0.41114840020752,9.708887418111166,63.67602284749367,0.0,3.062182585398366
2015-06-05 22:30:00,0.5043477984917967,9.204019228617334,65.14072926839201,0.0,3.363857110341366
2015-06-05 22:45:00,0.4606805729533033,8.806120236714667,66.95748392740866,0.0,3.1030241648356003
2015-06-05 23:00:00,0.5966245050988966,8.5062977472941,68.74448903401701,0.0,2.7084829807281667
2015-06-05 23:15:00,0.4521006320045,8.2845156987508,69.65637715657533,0.0,3.4426710605621333
2015-06-05 23:30:00,0.4800798804119433,7.7161674499512,71.99406178792333,0.0,3.5284972190857
2015-06-05 23:45:00,0.5974817751071466,7.457836469014467,71.744728088379,0.0,3.1977714697519666
2015-06-06 00:00:00,0.6971870366112399,7.411414623260534,71.70273844401034,0.0,3.002295176188133
2015-06-06 00:15:00,0.8672997339978233,7.209835847218834,72.77958933512366,0.0,2.9718561172485334
2015-06-06 00:30:00,1.0502420323748367,7.043871243794766,73.610824584961,0.0,2.6503505706787
2015-06-06 00:45:00,0.7946720122833234,7.132220268249533,72.13591257731133,0.0,2.7963914871215665
2015-06-06 01:00:00,0.8173903849657367,6.924476623535132,74.90456644694001,0.0,2.9063370227813667
2015-06-06 01:15:00,1.4108393617706667,6.853655020395934,74.57561492919933,0.0,2.8909305731455333
2015-06-06 01:30:00,1.428618161134067,6.658810933430967,77.29006703694667,0.0,2.7200936476389668
2015-06-06 01:45:00,1.06065053490925,6.561742305755634,77.260561625163,0.0,3.0097374121348337
2015-06-06 02:00:00,0.8336231048342401,6.416468779246,75.76592763264966,0.0,2.7225166956584004
2015-06-06 02:15:00,0.8813630196673067,6.229600747426333,76.960952758789,0.0,3.0772686799367004
2015-06-06 02:30:00,0.7692187114011433,6.025919278462734,78.24879964192733,0.0,3.1125318209330337
2015-06-06 02:45:00,0.8555435693669334,5.6395387649536,79.69169108072934,0.0,3.4475371042887666
2015-06-06 03:00:00,0.7877274474891034,5.369157314300534,81.44854482014966,0.0,3.1849021911621
2015-06-06 03:15:00,0.59310257420055,5.060057957967133,82.82240549723333,0.0,3.2007619539896663
2015-06-06 03:30:00,0.7339145650720601,4.9253772099813,84.04657491048167,0.0,2.8430833021799664
2015-06-06 03:45:00,0.5231612028614667,4.625284353892,84.96430206298834,0.0,2.9822228749593
2015-06-06 04:00:00,0.7675620541637733,4.217030207316067,86.68313090006467,0.0,3.2852722009023
2015-06-06 04:15:00,0.52259658085529,3.9883487224579,87.17270660400366,0.0,3.1895829041798667
2015-06-06 04:30:00,0.8116947371608433,3.8713391621907673,88.05443827311167,0.0,2.986470381418833
2015-06-06 04:45:00,0.9900681813302068,3.863210916519133,89.26370239257834,0.0,2.8560756047567
2015-06-06 05:00:00,1.0346188698279002,3.5966617266337,89.958096822103,0.0,2.8508204619089668
2015-06-06 05:15:00,0.9533610509196968,3.814542531967167,88.04736328125,0.0,3.1887078285217663
2015-06-06 05:30:00,3.321554713095067,3.321801741917933,88.76786041259766,0.0,3.2678748766581336
2015-06-06 05:45:00,1.6434345765472669,3.0721694628397667,90.095138549805,0.0,2.894490957260133
2015-06-06 06:00:00,1.4863467186327,3.1248216629028334,89.78939056396467,0.0,2.8541734218597328
2015-06-06 06:15:00,0.5820934992001067,3.0550756454467667,88.745844523112,0.0,2.6257119178772004
2015-06-06 06:30:00,0.80080959576909,2.933371225992833,89.15593465169268,0.0,2.6272708574931
2015-06-06 06:45:00,0.7674579225584667,2.7286740144093664,90.13166300455732,0.0,2.9761595726013
2015-06-06 07:00:00,0.5375633963971134,2.63591893514,90.286366780599,0.0,7.025305906931567
2015-06-06 07:15:00,0.7253542053685199,2.5026437441508,91.65201568603534,0.0,14.185178438822334
2015-06-06 07:30:00,0.8269202039542201,3.2170592149098334,90.20587412516268,0.0,36.433822631836
2015-06-06 07:45:00,0.6977981171638167,3.9063318570455,86.924123128255,0.0,41.58820851643867
2015-06-06 08:00:00,0.3865880107320967,5.3887300491333,83.993069966634,0.0,109.033017476401
2015-06-06 08:15:00,0.4476316708462233,8.213970343271901,72.66653696695967,0.0,154.77570597330666
2015-06-06 08:30:00,0.4950146197989,10.430839856465669,61.94426472981766,0.0,233.71167500813667
2015-06-06 08:45:00,1.2325109522578002,11.103037198384667,50.909428914388,0.0,343.41011555989667
2015-06-06 09:00:00,1.8662550632769328,11.240860939026,48.181659698486,0.0,260.81380716959666
2015-06-06 09:15:00,1.5874475798591,11.410398483276332,47.96059926350933,0.0,353.1932576497367
2015-06-06 09:30:00,2.122981789690966,12.270382245381668,45.31024424235,0.0,347.0873107910167
2015-06-06 09:45:00,3.0859232794361,12.776784261068,44.242465972900334,0.0,405.43325805664335
2015-06-06 10:00:00,3.5140624608211666,13.507781664530668,42.005911509196,0.0,534.5497131347666
2015-06-06 10:15:00,3.7844851534684665,14.167174021403,40.017660776774,0.0,611.4740600585933
2015-06-06 10:30:00,4.0256166873894,14.613229751587,39.24643325805667,0.0,558.4393513997401
2015-06-06 10:45:00,3.0950669041691,15.458215395609663,37.26287587483733,0.0,646.67557779948
2015-06-06 11:00:00,3.454212461938833,15.810940742493,36.652337392171,0.0,678.0631510416633
2015-06-06 11:15:00,3.604590332637767,16.444419225057,34.609151204427,0.0,695.0658569335933
2015-06-06 11:30:00,3.5757528760000667,16.893881479899335,33.23107020060234,0.0,721.2068481445267
2015-06-06 11:45:00,3.4077593903401664,16.831969579061,33.332032521565665,0.0,742.8032430013
2015-06-06 12:00:00,3.093271434225733,17.418338775634666,32.15325037638367,0.0,750.82977294922
2015-06-06 12:15:00,3.4331036587867665,17.714648564656667,31.34511756897,0.0,754.5657348632834
2015-06-06 12:30:00,3.1605267200991,17.891201019287,30.79279645284,0.0,753.4101765950533
2015-06-06 12:45:00,3.273996747104633,18.284108479817665,29.73458607991567,0.0,742.5172729492166
2015-06-06 13:00:00,2.741549883735633,18.735762914022,28.696746826172,0.0,735.09309895833
2015-06-06 13:15:00,3.656474937026367,18.84281794230133,27.537834803263333,0.0,725.7059122721366
2015-06-06 13:30:00,3.2870927369188,19.244328180949,26.87533632914233,0.0,709.4927571614567
2015-06-06 13:45:00,3.5840256541004334,19.617062886556,26.508357365926003,0.0,687.3833007812467
2015-06-06 14:00:00,3.160803109265633,19.548899968465,26.217877705891667,0.0,659.93243408203
2015-06-06 14:15:00,2.8029698260657,20.331312815348333,24.621555964152,0.0,627.15936279297
2015-06-06 14:30:00,3.3723597661240667,20.362726211547667,24.148438771566003,0.0,592.9968668619766
2015-06-06 14:45:00,3.319203948176033,20.446683247884334,23.330420811971333,0.0,552.3915201822933
2015-06-06 15:00:00,4.295802109209067,20.64675394694,23.11789894104033,0.0,537.5187174479166
2015-06-06 15:15:00,4.0610391821467,20.564029057820665,23.239883422851666,0.0,494.6959431966167
2015-06-06 15:30:00,4.523757385663333,20.595085779825663,21.715590159098337,0.0,451.52705891927
2015-06-06 15:45:00,3.982252816621767,20.327416737874334,22.030305226643662,0.0,407.17162068685
2015-06-06 16:00:00,3.1057394996427,20.358786265055,21.545939127604,0.0,356.42912801106667
2015-06-06 16:15:00,3.1854126946881665,20.159825642903662,21.423629760742333,0.0,301.4226175944
2015-06-06 16:30:00,3.549869251314167,19.786283493042,22.43962160746233,0.0,245.62472025553333
2015-06-06 16:45:00,2.6297558523788336,19.622196833292666,23.176070531209334,0.0,187.59513346354
2015-06-06 17:00:00,2.2281629232534,19.39209429423,23.605063756307,0.0,126.21164194742666
2015-06-06 17:15:00,2.4745050552374668,18.875156402587667,24.039483388264667,0.0,40.43115552266467
2015-06-06 17:30:00,1.924990277803733,18.26650619506833,25.582863489786664,0.0,22.210864384969
2015-06-06 17:45:00,1.4800309612681,17.403706232707,27.275723775227664,0.0,13.561015129089666
2015-06-06 18:00:00,1.1519981920053,16.40371068318667,28.822668711344,0.0,7.4928503036499
2015-06-06 18:15:00,1.00928994407065,15.173110326131,31.22969690958633,0.0,5.767153580983467
2015-06-06 18:30:00,0.8066782958644234,13.49910736084,35.44458643595367,0.0,6.179906686147067
2015-06-06 18:45:00,0.6221103457280033,12.272818565368668,39.77184041341133,0.0,5.168148040771467
2015-06-06 19:00:00,1.2618868821023332,11.481661478678332,41.68288421630833,0.0,4.426108360290534
2015-06-06 19:15:00,0.8157877251645633,11.070006370544666,41.369794209798,0.0,4.030444542566934
2015-06-06 19:30:00,1.1162798592910634,10.213362693786436,43.003580729167,0.0,3.609374284744266
2015-06-06 19:45:00,1.1184359596996334,9.323714256286634,44.870751698812,0.0,4.218571662902833
2015-06-06 20:00:00,1.4762976765454667,9.132319450378398,46.03643671671566,0.0,3.446664015452033
2015-06-06 20:15:00,1.6113933897657666,8.691608428955066,46.937070210775005,0.0,2.9962850411733
2015-06-06 20:30:00,1.5262912668762334,8.6213388442993,47.08265304565433,0.0,2.7063450813293333
2015-06-06 20:45:00,0.7133008782320066,8.5303233464559,46.98317845662433,0.0,3.262784004211433
2015-06-06 21:00:00,0.60585177508362,8.0716225306193,48.15994517008468,0.0,3.252329905827833
2015-06-06 21:15:00,0.97887079965321,7.870210170745833,49.16605122884133,0.0,3.186327934265133
2015-06-06 21:30:00,0.72694609217342,7.4361538887024,51.248617808024335,0.0,3.460950056711833
2015-06-06 21:45:00,0.7803716103169133,6.9080519676208665,53.62911097208666,0.0,3.2116281986236337
2015-06-06 22:00:00,0.92354658506934,6.640059947967534,53.87833404540999,0.0,2.980399370193467
2015-06-06 22:15:00,0.9209856363441166,6.406232198079433,55.06180318196633,0.0,3.0266244411468666
2015-06-06 22:30:00,1.0179931342780066,6.419335206349667,56.887490590413336,0.0,2.8908387819926005
2015-06-06 22:45:00,0.8296736537602735,5.892064094543467,56.06370290120467,0.0,3.7370483875275
2015-06-06 23:00:00,1.1272461513677998,5.388382911682133,57.835852305094335,0.0,2.7801810105641667
2015-06-06 23:15:00,1.04200016041137,5.454075813293467,56.94427998860667,0.0,3.026518821716333
2015-06-06 23:30:00,1.0572245454899467,5.100126584370933,58.413621266683,0.0,3.362617174784333
2015-06-06 23:45:00,0.9161751402980332,4.6920037269592,60.470218658447,0.0,3.5397117137909
2015-06-07 00:00:00,0.67987026191759,3.875278552373267,64.10304896036767,0.0,3.6197842756907
2015-06-07 00:15:00,1.09619084827536,3.5625107288360667,64.924306233724,0.0,3.1517860889435
2015-06-07 00:30:00,1.5665053166329,3.3196119467417,66.481913248698,0.0,3.208291689554867
2015-06-07 00:45:00,1.2921824902756998,3.2382142543792667,67.59262084960933,0.0,3.2521611849467003
2015-06-07 01:00:00,0.6370893912696833,2.9638305505117,68.530024210612,0.0,3.2903734842936
2015-06-07 01:15:00,0.6920840802075067,2.655573288599667,70.13625335693366,0.0,3.1127586364746
2015-06-07 01:30:00,0.73783319831244,2.6238700548807667,71.07468922932968,0.0,2.7561875184376667
2015-06-07 01:45:00,0.6475912413752066,2.3865339756012,72.085578918457,0.0,3.0339866479237667
2015-06-07 02:00:00,0.7405970237501466,2.44890832901,72.19172668457033,0.0,2.8097579479217667
2015-06-07 02:15:00,0.8526555674866066,2.2964916229248,73.43657938639333,0.0,2.9909591674804665
2015-06-07 02:30:00,1.0327764004807334,2.5562600294749003,71.88614908854167,0.0,2.4514172077179
2015-06-07 02:45:00,0.7778765799663866,2.5741556485494,70.273223876953,0.0,3.123558918635067
2015-06-07 03:00:00,0.6715077014897667,1.9155324300130327,73.543701171875,0.0,3.1303369998932005
2015-06-07 03:15:00,1.0436779883524567,1.5965931812922,74.49575297037767,0.0,3.2401671409607
2015-06-07 03:30:00,1.1874030040372,1.487051765124,76.34222157796233,0.0,2.9351751804351665
2015-06-07 03:45:00,1.0262556029740966,1.3012459675471,79.52890268961566,0.0,3.3356082439422337
2015-06-07 04:00:00,1.03934938520704,1.3305779298146667,80.19046529134134,0.0,2.8793077468872
2015-06-07 04:15:00,1.4679051150891,1.0948184529940066,80.02203369140632,0.0,2.9633713563283
2015-06-07 04:30:00,1.5491438384199,0.9501633445421832,83.125528971354,0.0,2.8671524524688667
2015-06-07 04:45:00,1.7136951751661331,1.1658318837483663,80.14759826660166,0.0,2.777619520823167
2015-06-07 05:00:00,1.0169847332606168,1.125941157341,81.41914113362633,0.0,2.8839211463928334
2015-06-07 05:15:00,0.8759520836100566,1.0913043816884669,79.737711588542,0.0,2.6754752794901666
2015-06-07 05:30:00,0.71252915199534,0.7746525208155299,81.42489624023467,0.0,2.9636237621307333
2015-06-07 05:45:00,0.6559786702052733,0.8332282900810267,82.51111857096366,0.0,2.591658751169833
2015-06-07 06:00:00,0.56475103929917,0.7572760780652367,82.24894205729167,0.0,2.546616713205967
2015-06-07 06:15:00,0.93780641169326,1.1713225046793667,80.36312103271467,0.0,2.090555747350067
2015-06-07 06:30:00,1.0898710068855333,1.3397280375163,79.63872528076166,0.0,2.0614389181137334
2015-06-07 06:45:00,1.0813103381206437,1.6219189961751332,78.911677042643,0.0,2.357194026311233
2015-06-07 07:00:00,0.62641810930689,1.8011879920959333,77.769337972005,0.0,6.1031150817871
2015-06-07 07:15:00,0.9903680812365266,2.1275282303492333,78.493158976237,0.0,9.572768211364831
2015-06-07 07:30:00,0.7819205375916166,2.2020326455434334,76.44441731770799,0.0,21.54728889465333
2015-06-07 07:45:00,0.9498804459414432,2.261358022689833,77.30517578125,0.0,45.40287144978867
2015-06-07 08:00:00,1.2472289844360334,2.9302735328674334,74.28748321533233,0.0,89.25271479288733
2015-06-07 08:15:00,1.13996446818987,4.506678263346333,68.52055613199866,0.0,113.65460459391332
2015-06-07 08:30:00,1.2811279391025,5.791169325510666,63.87410863240533,0.0,153.52644348144335
2015-06-07 08:45:00,1.4433466572472,8.333727200825999,56.42260869344067,0.0,247.98579915364667
2015-06-07 09:00:00,1.3032183211603334,9.725969314575233,53.002276102702005,0.0,382.20356241862
2015-06-07 09:15:00,0.90101543734869,11.794090906779,47.08074824015299,0.0,404.8028055826833
2015-06-07 09:30:00,1.08605736620714,12.808177947998,43.472960154215336,0.0,402.97801717122667
2015-06-07 09:45:00,1.6144581305971333,13.560966173808,41.311589558919,0.0,467.80866495768
2015-06-07 10:00:00,2.465501832668933,14.678915023803668,37.806377410888665,0.0,567.9586385091134
2015-06-07 10:15:00,2.3728163592885334,15.392019907633331,35.11701202392567,0.0,608.6889038085933
2015-06-07 10:30:00,2.693654201972967,15.858628590901668,33.89901860555,0.0,650.6414591471366
2015-06-07 10:45:00,2.4465194600340667,16.539856592814,32.716641743977995,0.0,674.4540405273433
2015-06-07 11:00:00,2.3771644112243666,17.325132369995,31.09035174051933,0.0,679.0569051106767
2015-06-07 11:15:00,2.0798762500757,17.729657491048002,30.02893638610833,0.0,720.4571940104166
2015-06-07 11:30:00,1.942070421868333,17.723395665486667,29.83908144633,0.0,510.18731689453006
2015-06-07 11:45:00,1.8908570546201,18.352098464966,28.663336435954,0.0,773.22147623698
2015-06-07 12:00:00,1.6034479738818668,19.194839477539333,27.253485361735,0.0,776.8868408203101
2015-06-07 12:15:00,1.4112551596900669,19.910814285278665,25.900089263916,0.0,750.52423095703
2015-06-07 12:30:00,2.0797827810875336,19.92058690389,25.413218816121333,0.0,759.4460449218767
2015-06-07 12:45:00,1.3602447353817666,20.59040451049833,24.102924982706668,0.0,746.04583740234
2015-06-07 13:00:00,2.0637744176966333,20.691601435343667,22.820442199707003,0.0,743.5764363606767
2015-06-07 13:15:00,2.254267217756267,20.942215601603,21.830573399861663,0.0,732.3784383138033
2015-06-07 13:30:00,2.652249338764167,21.54753367106133,21.575782140096333,0.0,712.02091471354
2015-06-07 13:45:00,2.991230849833167,21.053140640258665,21.442040761312,0.0,696.1634318033866
2015-06-07 14:00:00,1.8540373375683,21.28548431396467,20.80134137471533,0.0,665.2258097330767
2015-06-07 14:15:00,1.6345863261791669,22.006286621093665,19.73266410827667,0.0,639.7327473958334
2015-06-07 14:30:00,2.1722074949763663,21.634132385254,20.13822110494,0.0,465.13404337565
2015-06-07 14:45:00,2.068125516094533,21.420219421386665,20.18712806701667,0.0,517.56411743164
2015-06-07 15:00:00,2.0110232935345667,21.388216654459665,19.091629664103333,0.0,411.5331624348967
2015-06-07 15:15:00,2.3126992430807665,21.35868390401233,18.838776906331333,0.0,438.84647623698
2015-06-07 15:30:00,1.7877487515033,21.382021586100336,17.81491152445467,0.0,359.9782511393234
2015-06-07 15:45:00,1.6500311823924332,21.390341440836664,19.15696589152,0.0,372.88646443685
2015-06-07 16:00:00,2.352042887721067,21.847130457560336,18.662822723389,0.0,396.9338175455734
2015-06-07 16:15:00,2.331648192936233,21.762259165446,17.852310180664333,0.0,345.55278523762667
2015-06-07 16:30:00,2.656333628898,21.447928746541333,18.381762822469,0.0,254.98992411295333
2015-06-07 16:45:00,2.640677463012066,20.652835845947333,19.378519694010333,0.0,107.84382629394734
2015-06-07 17:00:00,2.289951310886067,20.15384101867667,20.669903437296664,0.0,82.52147165934234
2015-06-07 17:15:00,2.1165301777792,19.81688181559233,20.911594390869,0.0,62.32310612996434
2015-06-07 17:30:00,2.3572088926439334,19.533162434896,21.84769821167,0.0,45.81585820515934
2015-06-07 17:45:00,2.2807658745651334,18.863989512125663,23.254143397013667,0.0,22.968247095744
2015-06-07 18:00:00,1.6347154255279,17.74768575032567,25.242750803629665,0.0,9.828551292419531
2015-06-07 18:15:00,1.8162491987947,16.597028096516997,26.898483912150336,0.0,5.4132539431254
2015-06-07 18:30:00,2.139257623620366,15.827447891235666,28.067878087361667,0.0,4.8087584177653
2015-06-07 18:45:00,2.158920902601233,14.213452339172331,31.02390734354633,0.0,4.6669964790344
2015-06-07 19:00:00,1.3832444642884,12.970030148824,33.28412119547567,0.0,4.6929252942403
2015-06-07 19:15:00,0.8954540987841298,11.769880294799668,36.590803782145336,0.0,4.6619593302409
2015-06-07 19:30:00,0.7664097850794768,10.947237332661668,39.371100107829,0.0,4.755699952443467
2015-06-07 19:45:00,1.1361468317894834,10.504540443420666,41.038995107015005,0.0,3.5337522824605
2015-06-07 20:00:00,0.8592056154441866,10.082034746805666,42.21526336669933,0.0,3.6955122152964335
2015-06-07 20:15:00,1.140379361001017,9.947528839111234,42.20612080891933,0.0,2.919253269831367
2015-06-07 20:30:00,0.9990219540797632,10.657133420308334,39.332363128662,0.0,2.2904605865478334
2015-06-07 20:45:00,0.8258937669984366,10.284856478373332,40.43606185913067,0.0,3.1946912606557
2015-06-07 21:00:00,0.8729105003054934,9.923744837443031,41.015692392985,0.0,2.7116415500641
2015-06-07 21:15:00,0.6780717013605434,9.319278717041032,42.517677307129,0.0,3.736987034479767
2015-06-07 21:30:00,0.4432411671238733,8.468151092529334,45.258961995443,0.0,4.099178473154733
2015-06-07 21:45:00,0.5751272780342868,8.037541707356766,47.33660761515299,0.0,3.73224457105
2015-06-07 22:00:00,0.69375614636167,7.708174387613933,48.68475468953466,0.0,3.685080766677834
2015-06-07 22:15:00,0.92352910102621,7.2549651463826335,49.29838943481433,0.0,3.304252465565966
2015-06-07 22:30:00,0.7025945067659999,6.944926420847566,50.28677495320633,0.0,3.2081899642944336
2015-06-07 22:45:00,0.7189863270117433,6.5043328603109,51.59390767415366,0.0,3.2333071231842
2015-06-07 23:00:00,1.06152158022418,6.127930482228599,52.687473297119,0.0,2.979496161143
2015-06-07 23:15:00,1.6746509668401,6.153599739074733,52.448034922282,0.0,2.688603639602667
2015-06-07 23:30:00,1.5995480830059,6.096981684366867,54.30989456176733,0.0,3.211829503377267
2015-06-07 23:45:00,1.0497023449983731,5.640687783559167,54.881638844808,0.0,3.3657190004984336
2015-06-08 00:00:00,0.7589257757426866,5.519918441772467,53.720137278239,0.0,3.249469757080066
2015-06-08 00:15:00,0.89783771251138,4.9305051167806,55.03951517740901,0.0,3.4359494050344
2015-06-08 00:30:00,1.0720090258623836,4.3564186096191335,55.441869099935,0.0,3.1352188587188667
2015-06-08 00:45:00,0.8656310675187232,4.542027155558267,56.42144521077466,0.0,3.0631004969279
2015-06-08 01:00:00,0.9903830486370768,4.255768616994234,58.89972432454434,0.0,3.069600184758533
2015-06-08 01:15:00,0.9761298226809432,4.296669006347667,57.82557296752933,0.0,2.9011188348134334
2015-06-08 01:30:00,0.7954663220756933,4.039136091868101,59.242048899332666,0.0,3.297147274017333
2015-06-08 01:45:00,0.68891242621851,3.3139605522156,62.99791208902966,0.0,3.5579663117727
2015-06-08 02:00:00,0.8492779020198166,3.0185387929280663,64.57374954223633,0.0,3.4006508986155333
2015-06-08 02:15:00,0.99012367992165,2.7568236986796,64.53301239013666,0.0,3.227271159489933
2015-06-08 02:30:00,0.96510079114643,2.5360271930694664,66.099131266276,0.0,3.0387493769328
2015-06-08 02:45:00,0.90232985327228,2.1377465724945,67.77073160807267,0.0,3.5694135030110665
2015-06-08 03:00:00,0.9430072522474898,1.7894258499145668,68.078982035319,0.0,3.1121248404185
2015-06-08 03:15:00,1.2410165860233466,1.7159816026687666,68.80920918782533,0.0,3.118771950403867
2015-06-08 03:30:00,1.5343474812606,1.4923417568206665,71.76788584391267,0.0,2.7387010256449336
2015-06-08 03:45:00,1.7021058595225,1.3914981683095,73.48494974772133,0.0,2.873280684153233
2015-06-08 04:00:00,0.6695271037867867,1.3235404094060332,74.92333984375,0.0,2.9576273759206
2015-06-08 04:15:00,0.67552004655218,1.3213735818863002,75.711606343587,0.0,2.8687293529510334
2015-06-08 04:30:00,0.51420429534658,1.3930662075678333,75.80324554443366,0.0,2.536609172821033
2015-06-08 04:45:00,0.4498856222915633,1.2018018563588668,75.64897664388,0.0,2.820152282714833
2015-06-08 05:00:00,0.89221440714247,0.91771487394968,77.173428853353,0.0,2.9807240168253664
2015-06-08 05:15:00,0.81487994569842,0.6679251591364567,78.69547017415333,0.0,3.3291889031728004
2015-06-08 05:30:00,0.67823139778471,0.5373005270957933,80.04638417561834,0.0,3.0497082869212
2015-06-08 05:45:00,0.4886316084729833,0.3672919124364833,79.43182373046866,0.0,3.3478006521860664
2015-06-08 06:00:00,0.8698935536071567,0.1470274887979036,80.32371520996101,0.0,3.1537665526072
2015-06-08 06:15:00,1.2244040297331966,-0.0929747273524586,81.40216573079432,0.0,2.856103897094733
2015-06-08 06:30:00,1.0921534030147,-0.0678881655136733,82.381586710612,0.0,2.8339851697286
2015-06-08 06:45:00,0.6984078069402367,-0.1269902960436086,82.13882446289067,0.0,2.9820498625437666
2015-06-08 07:00:00,0.97366810473077,-0.1218414331475886,83.47087351481133,0.0,4.762967507044467
2015-06-08 07:15:00,1.7267649389155668,-0.3921388487021133,83.37539927164734,0.0,10.846818606058866
2015-06-08 07:30:00,2.212753344187733,0.0911308055122723,81.69185638427733,0.0,29.808076858520668
2015-06-08 07:45:00,1.0602272312137166,1.7047867377599,74.39743041992166,0.0,67.35606765747066
2015-06-08 08:00:00,0.8566629454913234,4.457192262013733,65.058832804362,0.0,123.699877421064
2015-06-08 08:15:00,0.6308308433719466,6.6640938123067,56.489897410075,0.0,162.34871164957335
2015-06-08 08:30:00,1.0022094805776398,7.633665720621766,53.34805170695,0.0,244.11233520508003
2015-06-08 08:45:00,0.8385883964742034,9.453771273295033,45.80098597208633,0.0,301.5334370931
2015-06-08 09:00:00,0.63269875509246,11.057698567708334,41.78549321492533,0.0,360.35794067383
2015-06-08 09:15:00,0.9841028112540268,12.029540061950668,39.38292439778633,0.0,413.4537862141933
2015-06-08 09:30:00,0.9212536146262368,12.857760429382331,38.05723826090466,0.0,459.45390828450667
2015-06-08 09:45:00,0.94373537875541,13.580592791239331,36.475144704183,0.0,496.74106852213663
2015-06-08 10:00:00,1.685842343896233,14.054325421651331,34.83171844482433,0.0,550.31990559896
2015-06-08 10:15:00,1.3953703104674335,14.948417663574,33.304275512695,0.0,587.49519856771
2015-06-08 10:30:00,1.9598440113401665,15.749384880066332,32.14489301045733,0.0,616.4075317382834
2015-06-08 10:45:00,3.6306450890185,16.232438405355,31.455111185709665,0.0,641.5537109375
2015-06-08 11:00:00,3.2118415036278,16.452222824097003,30.30731900533067,0.0,668.1246948242166
2015-06-08 11:15:00,2.792838441199633,17.010489781697668,29.213775634765668,0.0,686.84647623698
2015-06-08 11:30:00,3.046410754833867,17.31168492635067,28.009771347046,0.0,715.9930216471333
2015-06-08 11:45:00,2.520468485325533,17.643384297689,27.41147232055633,0.0,733.16398111979
2015-06-08 12:00:00,3.1458316467654,18.02743975321467,26.980709075928,0.0,745.7471923828101
2015-06-08 12:15:00,3.3007717930800333,18.369193394979,26.577323277791333,0.0,747.4644165039067
2015-06-08 12:30:00,3.2502683397947667,18.965899785359333,25.58492914835633,0.0,747.0176188151066
2015-06-08 12:45:00,2.3457516345078,19.07098134358733,25.57381693522133,0.0,739.2215779622401
2015-06-08 13:00:00,2.804670193410866,19.312172571818,25.24746131896967,0.0,732.4637654622401
2015-06-08 13:15:00,2.3335381915067,19.546042760213336,24.359343846639,0.0,721.42991129557
2015-06-08 13:30:00,2.2000485819142668,20.249805450439336,23.296298980712667,0.0,701.2586873372401
2015-06-08 13:45:00,2.4249694938545,20.536081949869665,22.669373830159333,0.0,684.4408162434934
2015-06-08 14:00:00,2.4417350575977665,20.537285486857,22.192351023356,0.0,658.3776245117166
2015-06-08 14:15:00,2.677692506848633,20.829490661621,21.56941223144533,0.0,628.48034667969
2015-06-08 14:30:00,2.5057786218834,20.591100056966333,21.57817331949867,0.0,590.2966308593733
2015-06-08 14:45:00,2.0450548355281,20.947161356608333,21.263703664144,0.0,546.0572713216167
2015-06-08 15:00:00,1.7834608561552334,21.64102808634433,20.597803115844663,0.0,529.4709472656267
2015-06-08 15:15:00,2.5294128979307664,21.282128651936667,20.510179519653665,0.0,494.43142700195335
2015-06-08 15:30:00,2.195312967022567,21.289595921834334,20.661296844482333,0.0,449.2981058756533
2015-06-08 15:45:00,2.3920157371556,21.15518824259433,20.73864364624,0.0,402.3503214518234
2015-06-08 16:00:00,2.8985594166692,21.13441658020033,21.467940648396667,0.0,342.3023376464833
2015-06-08 16:15:00,2.8738254119701003,20.885535558064664,21.425370534261003,0.0,278.55234273275
2015-06-08 16:30:00,2.5417251964181333,20.629610061645668,21.719898223877,0.0,215.82333374023327
2015-06-08 16:45:00,2.1349748719365,20.031389872233003,22.812305450439336,0.0,133.91482289632333
2015-06-08 17:00:00,2.9042006696733,19.899201075236,22.647606531778667,0.0,118.09708913167266
2015-06-08 17:15:00,2.2086834474833665,19.319911321004,24.485072453816667,0.0,41.06747309366867
2015-06-08 17:30:00,2.549666484125133,18.221037546793667,26.28184509277333,0.0,24.566760381063
2015-06-08 17:45:00,1.7087127085444,17.316769917806,27.533856074015333,0.0,13.350162188212067
2015-06-08 18:00:00,1.397943798253867,16.344815254211333,28.430311203002663,0.0,6.611520926157634
2015-06-08 18:15:00,1.1479424458964669,14.682781537373666,31.421282450358003,0.0,5.986380736033101
2015-06-08 18:30:00,1.237081042710933,13.524939219157,34.235815684001004,0.0,5.078218142191567
2015-06-08 18:45:00,1.4775205440766,12.852562268575,35.580436706543004,0.0,3.661405404408767
2015-06-08 19:00:00,1.2233910810985666,12.998721122742,35.145329793294,0.0,3.8322021961212336
2015-06-08 19:15:00,1.1144090666770998,12.017204284668,38.65817515055333,0.0,3.9182868798574
2015-06-08 19:30:00,0.7963772363071433,11.239952087402,40.90160369873067,0.0,3.841795047124233
2015-06-08 19:45:00,0.7847046507005834,10.675115585327,42.631956736247,0.0,3.2808605829875
2015-06-08 20:00:00,0.7173228704242701,10.024981498718232,44.33360799153633,0.0,3.744177420934033
2015-06-08 20:15:00,0.7387652832476332,9.728280703226732,45.165641784668,0.0,3.528112888336167
2015-06-08 20:30:00,0.6975174232139567,9.396799405415868,46.28985087076833,0.0,3.3068976402282666
2015-06-08 20:45:00,0.8605670969990267,8.9802827835083,47.18628184000666,0.0,3.3570088545481664
2015-06-08 21:00:00,0.90850300089121,8.607898712158201,48.374702453613,0.0,2.828736225763933
2015-06-08 21:15:00,0.7767869178849867,8.444553693135601,49.05719629923467,0.0,3.0252980391184336
2015-06-08 21:30:00,0.7173338421028433,7.966331164042167,51.89091491699234,0.0,3.6778903007507338
2015-06-08 21:45:00,1.0281443652990732,7.692772706349667,50.831837972005,0.0,3.2204020023346
2015-06-08 22:00:00,1.2782802035032663,7.288832823435467,52.14704640706367,0.0,3.5158034165700336
2015-06-08 22:15:00,1.3358440312926,6.7379765510559,54.179879506429,0.0,3.5372897783915334
2015-06-08 22:30:00,0.8960661065208066,6.515646934509267,55.83676783243833,0.0,3.3383793830871995
2015-06-08 22:45:00,0.93725224258406,6.131033579508466,56.73086929321301,0.0,3.365149736404433
2015-06-08 23:00:00,0.9136701537563,6.1499279340108,57.40556589762367,0.0,2.979907115300467
2015-06-08 23:15:00,0.79571445420281,5.909952640533466,57.90974807739267,0.0,3.1947186787923
2015-06-08 23:30:00,0.7349933879297567,5.0759673118591335,61.05932235717767,0.0,3.2252510388692333
2015-06-08 23:45:00,0.80745117004331,4.837448596954333,60.84627660115567,0.0,3.4284790356954
2015-06-09 00:00:00,1.1611367172257132,4.726941903432199,58.552651723226326,0.0,2.5486533641815
2015-06-09 00:15:00,0.9544158332180966,4.846166610717766,59.85900878906267,0.0,3.2205621401468663
2015-06-09 00:30:00,0.8061006601670601,4.456071217854833,62.07592391967767,0.0,3.2045819759369003
2015-06-09 00:45:00,0.9375353648732532,4.616142431894933,61.33617655436234,0.0,2.581728696823133
2015-06-09 01:00:00,0.85254384180196,4.426194508870466,60.494160970052,0.0,3.1689694722493336
2015-06-09 01:15:00,1.2122774550523667,3.7842062314351335,63.371481577555336,0.0,2.9483474890391004
2015-06-09 01:30:00,1.102749461648,3.5420154730479,64.44369506835899,0.0,2.8794108231862663
2015-06-09 01:45:00,0.8521508261205367,3.7360680103302,64.31815338134767,0.0,2.798648516337067
2015-06-09 02:00:00,1.2269376927547333,3.2237267494202,66.75850931803366,0.0,3.3700195153554
2015-06-09 02:15:00,1.3806862308880667,2.6802651087443,71.10456593831367,0.0,3.437976757685333
2015-06-09 02:30:00,1.3220296504036666,2.777335325876867,70.93305969238267,0.0,2.8641281127929665
2015-06-09 02:45:00,0.8841382362240168,2.6144970258077,72.03611755371067,0.0,3.076597929000833
2015-06-09 03:00:00,1.0291559010817133,2.5608646074931,71.56856282552066,0.0,2.743135690689067
2015-06-09 03:15:00,1.02666899463001,2.3211948076884,71.88348642985,0.0,2.9702618122100666
2015-06-09 03:30:00,0.80485348716689,1.7612664699554337,74.79796854654933,0.0,3.352483908335367
2015-06-09 03:45:00,1.3098745758495334,2.0604493220647,70.03342946370434,0.0,2.339120388031
2015-06-09 04:00:00,0.8400601467100666,2.3037196000417004,70.07502746582033,0.0,2.8626249631245666
2015-06-09 04:15:00,0.8497314385399101,1.7621467908223334,72.77010345458967,0.0,3.1766468683878664
2015-06-09 04:30:00,1.0256949656519767,1.4599934021632002,74.92725372314466,0.0,2.897681554158533
2015-06-09 04:45:00,1.1759916635901,1.4455122152964333,77.258778889974,0.0,2.969241062800067
2015-06-09 05:00:00,1.1348099426892333,1.4405901034673,76.39830271403001,0.0,2.859801212946566
2015-06-09 05:15:00,1.1954216012379335,1.5053151845931667,76.12087758382167,0.0,2.5856636365255
2015-06-09 05:30:00,1.04667577324599,1.4632419347763,76.46923319498734,0.0,2.6427722771962667
2015-06-09 05:45:00,0.8114218359726267,1.6141243775685667,76.87722524007201,0.0,2.9728181362152
2015-06-09 06:00:00,0.8950536656298634,1.362844427426667,77.011678059896,0.0,2.9697104295094667
2015-06-09 06:15:00,1.5062971597764,1.00072433551154,78.00312296549467,0.0,2.799654960632333
2015-06-09 06:30:00,1.6886670323477002,1.01211504141491,79.14369964599634,0.0,3.0180552005767667
2015-06-09 06:45:00,0.7522418931747367,0.96076182524363,80.22555541992166,0.0,3.019690195719433
2015-06-09 07:00:00,0.5250086834179567,0.9406853516896568,82.20192972819,0.0,4.4352445602417
2015-06-09 07:15:00,0.6220782364594134,0.9547383785247768,82.17932637532567,0.0,9.7573019663492
2015-06-09 07:30:00,0.53160246355915,1.2205245494842667,80.81172943115233,0.0,27.218167622884
2015-06-09 07:45:00,0.6298154553600933,2.575421412785833,76.57601420084633,0.0,63.809014638265005
2015-06-09 08:00:00,0.6903789003353134,5.536000251770001,65.17447662353534,0.0,110.208961486817
2015-06-09 08:15:00,0.5681131082047634,9.335752805074032,50.89449055989567,0.0,166.20273335775002
2015-06-09 08:30:00,0.9045901956652,10.070713678995666,49.285841623942,0.0,226.93464152018
2015-06-09 08:45:00,1.2261244639914668,10.624389966328666,46.60270818074533,0.0,289.6852315266933
2015-06-09 09:00:00,0.9764234751324466,11.729436238606668,43.80050277709933,0.0,351.0072224934867
2015-06-09 09:15:00,0.7782811192216901,13.332881927490334,40.95926157633466,0.0,403.56365966796994
2015-06-09 09:30:00,1.2303613200621533,14.184107144673666,39.000993092855,0.0,456.74963378906335
2015-06-09 09:45:00,2.2367081168740333,14.215119043986334,38.96289189656567,0.0,497.3273722330734
2015-06-09 10:00:00,2.159873297283533,14.826254844665668,37.49874496459967,0.0,541.3487955729166
2015-06-09 10:15:00,2.1821314996643,15.805104891459337,34.45358657836933,0.0,571.0263264973967
2015-06-09 10:30:00,3.4595670825996336,16.222957611084002,33.49230575561533,0.0,605.61356608073
2015-06-09 10:45:00,3.7626409608662654,16.481527964273997,32.68308766682933,0.0,628.9751790364567
2015-06-09 11:00:00,3.083436130150467,16.906275431315333,31.673791885376,0.0,651.61639404297
2015-06-09 11:15:00,3.7173374209512,17.571379343668667,30.611867904663,0.0,672.7948811848967
2015-06-09 11:30:00,3.2462392391910666,17.842381795247334,29.813289006551333,0.0,700.0889689127566
2015-06-09 11:45:00,2.8180052642692,18.286369959513333,29.488161087036,0.0,717.4644165039067
2015-06-09 12:00:00,3.5874370734837666,18.52459398905433,28.53351211547833,0.0,728.91017659505
2015-06-09 12:15:00,3.5028294929351667,18.688727060953667,28.25979995727533,0.0,731.3107706705733
2015-06-09 12:30:00,2.9670693150914667,19.073904673258667,27.113644282023,0.0,729.3544718424467
2015-06-09 12:45:00,3.2511897841886,19.152002970377666,27.36000951131167,0.0,719.5169677734366
2015-06-09 13:00:00,3.2252280111281,19.231833775838,27.37487856547033,0.0,711.5316365559901
2015-06-09 13:15:00,2.7247183133144333,19.405689239502,27.268122990926003,0.0,699.3934122721366
2015-06-09 13:30:00,3.0282964914309,19.673013051350665,27.17857360839833,0.0,685.2684733072933
2015-06-09 13:45:00,2.94166102679,19.788976669311666,27.036401748657337,0.0,650.26277669271
2015-06-09 14:00:00,2.9646164274660336,19.88131078084333,27.307372411092,0.0,554.1720377604166
2015-06-09 14:15:00,3.071342117292433,20.099766413370663,26.99045626322433,0.0,595.9125773111967
2015-06-09 14:30:00,3.1794321806049664,20.201307296753,26.92646026611333,0.0,538.6301167805967
2015-06-09 14:45:00,3.038380634059267,20.254572550455663,26.776318232218333,0.0,517.8240559895834
2015-06-09 15:00:00,3.356157179739,20.529031117757,26.64929835001633,0.0,512.7062276204433
2015-06-09 15:15:00,3.3346355589021,20.50386238098133,26.64348411560033,0.0,432.0260620117167
2015-06-09 15:30:00,3.4126915682621,20.478740056355665,26.842840194702003,0.0,387.7465413411433
2015-06-09 15:45:00,3.4135538494797,20.476875305175668,26.436826705932663,0.0,346.8964233398433
2015-06-09 16:00:00,4.415650456430467,20.26389376322433,26.904894510905,0.0,269.04390970866
2015-06-09 16:15:00,3.980521543139767,19.925387064615663,27.622847874959334,0.0,179.77538553873669
2015-06-09 16:30:00,3.396003843832,19.63591893514,28.288927078247337,0.0,132.8341700236
2015-06-09 16:45:00,3.339112710186633,19.56255467732733,27.824780146281,0.0,118.22783915201668
2015-06-09 17:00:00,2.8902550260060664,19.347235997518,27.829881032307668,0.0,84.11232248942001
2015-06-09 17:15:00,2.703964136006667,18.925007502238,28.624570210775,0.0,57.482116699218665
2015-06-09 17:30:00,2.5025091058197,18.63221804300967,29.562879562378,0.0,34.24457995096834
2015-06-09 17:45:00,1.8944313934961663,17.931835174560334,30.68472671508833,0.0,13.262885411580468
2015-06-09 18:00:00,1.5023715505794,17.108354568481335,32.187417348226,0.0,6.210030396779366
2015-06-09 18:15:00,1.5633479898459,16.342997868855665,33.52165985107433,0.0,4.336847941080733
2015-06-09 18:30:00,1.5215174166781,15.642909049987669,34.839230855306,0.0,4.010547320048
2015-06-09 18:45:00,1.274069021602,15.020834287007666,36.366705576579,0.0,3.8940874735514335
2015-06-09 19:00:00,1.2532091453063,13.650698343912666,40.657735188802334,0.0,4.768090407053666
2015-06-09 19:15:00,1.3948445970799332,12.679618835449332,43.301508585612,0.0,3.815449078877767
2015-06-09 19:30:00,0.7963123334197967,12.004170099894331,43.79885737101233,0.0,4.257880528767867
2015-06-09 19:45:00,0.7113762647883134,11.089601198832,47.65278116861967,0.0,4.2497248649597
2015-06-09 20:00:00,0.6659004452362066,10.360396703084334,50.886714935303,0.0,4.2162764867146665
2015-06-09 20:15:00,0.8100781254464801,9.941292762756268,51.51166915893567,0.0,3.6216559410095
2015-06-09 20:30:00,1.227078845496833,9.648173332214368,52.63955179850233,0.0,3.0396897792816
2015-06-09 20:45:00,1.1588863089482,9.5861047108968,50.82910537719733,0.0,3.1869870026906333
2015-06-09 21:00:00,1.2442895900653,8.998954455057799,53.84927113850933,0.0,2.9294316768646005
2015-06-09 21:15:00,1.2048229169246334,8.840513229370133,53.314921061198,0.0,3.2882668177286667
2015-06-09 21:30:00,0.6024267680379567,8.565697987874367,55.02004877726233,0.0,3.0927600860596
2015-06-09 21:45:00,0.6346466805936467,8.363396008809401,55.07536061604833,0.0,3.320073843002333
2015-06-09 22:00:00,0.56702474859627,7.937535444895434,56.821234385172666,0.0,3.2211218674977338
2015-06-09 22:15:00,0.5137448314709633,7.713411013285333,58.15755462646499,0.0,3.0857365131378
2015-06-09 22:30:00,0.5290512281912166,7.5883164405823,57.88411331176733,0.0,2.7902005513509
2015-06-09 22:45:00,0.41769562246116,7.0897305806478,59.933914184570334,0.0,3.439794063568133
2015-06-09 23:00:00,0.60555520862492,6.7392687797546325,61.22069422403967,0.0,2.971621036529533
2015-06-09 23:15:00,0.6720359094440133,6.657871882120766,61.427884419759,0.0,3.105977058410633
2015-06-09 23:30:00,0.9113976255151434,6.7836545308431,60.99255371093767,0.0,2.7278498808542664
2015-06-09 23:45:00,0.98894043847307,7.002617200215667,61.595397949219,0.0,2.148129463195833
2015-06-10 00:00:00,1.0595399891096668,7.454000631968166,60.513666788737,0.0,1.9048827489217333
2015-06-10 00:15:00,1.04358796319102,7.429935137430867,59.08427683512367,0.0,2.3984057108561334
2015-06-10 00:30:00,0.9304330242505132,7.17396179835,59.75012079874667,0.0,2.5831985473632666
2015-06-10 00:45:00,0.95106640271488,6.821577390035,62.010046641032,0.0,2.9606509208679337
2015-06-10 01:00:00,0.8287407961716666,6.9174386660258,61.484573364258,0.0,2.6488735675812
2015-06-10 01:15:00,1.254920815467217,6.910704135894767,60.786123911539335,0.0,2.893378019332866
2015-06-10 01:30:00,1.5034323374987,6.388370831807433,62.89450200398767,0.0,3.2277979056040667
2015-06-10 01:45:00,1.3609857762397002,6.152688344319699,64.69114430745466,0.0,2.8116704622904334
2015-06-10 02:00:00,0.8039416236755067,6.514392217000332,63.26209131876633,0.0,2.707197825113967
2015-06-10 02:15:00,0.5794073475069966,6.293801625569633,65.08635584513367,0.0,3.2567216555277665
2015-06-10 02:30:00,0.7985072872575166,5.935775279998801,65.873240152995,0.0,3.012011607488
2015-06-10 02:45:00,1.3133084684095333,5.938772678375266,64.21678288777633,0.0,2.0881073474884
2015-06-10 03:00:00,0.9562896060666832,5.886251608530666,63.80955632527667,0.0,2.5348136425018004
2015-06-10 03:15:00,0.9245724922056232,5.761454264322933,64.36384582519533,0.0,2.977654616038033
2015-06-10 03:30:00,1.0509794748754466,5.835323174794534,64.99614206949866,0.0,2.3709344466527003
2015-06-10 03:45:00,0.9764866340306568,6.739546140035034,61.687051137288336,0.0,1.7797216971715333
2015-06-10 04:00:00,0.94826248760256,6.9027007420857664,60.867108662923336,0.0,2.2790079116821
2015-06-10 04:15:00,1.2176299122835663,6.890437602996833,61.24445978800467,0.0,2.2171669403712
2015-06-10 04:30:00,1.8532293186966668,7.858586470286067,60.20568466186533,0.0,1.4307714303334669
2015-06-10 04:45:00,1.3024553369452334,8.150352478027333,60.500120798747,0.0,2.417238672574366
2015-06-10 05:00:00,1.2037595912869663,7.818727016448967,63.53743362426767,0.0,3.0265239874522
2015-06-10 05:15:00,1.2513007355086332,7.8246626853943,65.38277943929033,0.0,2.640586853027333
2015-06-10 05:30:00,1.4107779468616002,7.659257094065367,66.69447580973299,0.0,2.7744656403859334
2015-06-10 05:45:00,1.704026852533033,7.478469530741367,68.79802958170599,0.0,2.9033445517222334
2015-06-10 06:00:00,1.5915516057688333,7.352882703145333,71.79412841796868,0.0,2.9089821974436334
2015-06-10 06:15:00,1.0979460960891934,7.3810920715332,71.42799123128233,0.0,2.692856788635267
2015-06-10 06:30:00,0.9306755491213834,7.1054484049479,72.02790832519533,0.0,2.9505752722422334
2015-06-10 06:45:00,0.9079871553916768,7.175488789876266,71.85489654541,0.0,2.7973346710205003
2015-06-10 07:00:00,0.7815472576861366,7.076128005981434,71.61592864990233,0.0,3.4193657239278337
2015-06-10 07:15:00,0.7732538387015667,6.653811136881534,73.32975769043,0.0,7.718736012776534
2015-06-10 07:30:00,0.90292329525106,6.6554266611735,75.494717915853,0.0,13.764838536580667
2015-06-10 07:45:00,0.92790649171624,7.319836616516134,75.60469818115233,0.0,27.536135355631668
2015-06-10 08:00:00,0.8800019796287234,7.9094918568929,73.74240875244134,0.0,38.38707860310867
2015-06-10 08:15:00,0.9850877898348,8.4083169301351,72.94801584879532,0.0,50.883154551188
2015-06-10 08:30:00,0.8779055059884366,8.968214670817067,72.25341288248667,0.0,80.16367594401034
2015-06-10 08:45:00,0.9277423359780268,9.667751948038733,71.10679117838566,0.0,113.82885996500332
2015-06-10 09:00:00,1.5244903662830669,10.248122215270667,70.647392272949,0.0,141.37284851074332
2015-06-10 09:15:00,2.1632558415047334,10.978864351908332,71.590721130371,0.0,158.79153951009002
2015-06-10 09:30:00,2.810229942516933,11.511524518331331,70.46793111165367,0.0,191.24652608235667
2015-06-10 09:45:00,2.5232831513583,12.084869066874,68.82458496093733,0.0,222.8686879475933
2015-06-10 10:00:00,3.5888558417708,12.480189959208,67.142748514811,0.0,214.7256825765
2015-06-10 10:15:00,3.674723951185866,12.696920077006332,66.338129679362,0.0,214.72809855143
2015-06-10 10:30:00,4.1346505358174666,12.979749043782666,65.09695180257167,0.0,238.5205942789733
2015-06-10 10:45:00,3.4303147773024336,13.326434453328334,63.870426177978665,0.0,256.87994384765665
2015-06-10 11:00:00,3.552551109261833,13.370833714803,63.66495641072567,0.0,230.26147969563667
2015-06-10 11:15:00,3.9564756856530665,13.299227396647334,63.714492797851335,0.0,197.8207753499333
2015-06-10 11:30:00,3.9935348811137,13.436189015706333,63.216645558675,0.0,192.79839579264333
2015-06-10 11:45:00,3.7370221576214,13.713709195455,62.27023824056,0.0,217.33238220215
2015-06-10 12:00:00,3.6222815351791335,14.074618339538668,60.95474370320667,0.0,336.35835774739667
2015-06-10 12:15:00,3.597593006652833,14.875800768534331,58.05556742350266,0.0,508.5916239420567
2015-06-10 12:30:00,3.9179868606058665,15.608965873718333,55.21380742390934,0.0,662.5001220703133
2015-06-10 12:45:00,3.658686756784433,15.465192794799668,55.27515411376967,0.0,454.77079264323
2015-06-10 13:00:00,4.244894138744333,15.080067952474002,55.96349716186533,0.0,314.3755798339833
2015-06-10 13:15:00,3.5728288905461665,15.201761245727331,55.34557596842467,0.0,275.66345214843665
2015-06-10 13:30:00,3.2618833958352664,15.496894200642998,53.904810587565,0.0,286.62940470377663
2015-06-10 13:45:00,4.037504512163167,15.413656552632666,53.958065032959006,0.0,298.61986287434667
2015-06-10 14:00:00,4.294206557819333,15.353078524271334,53.90923563639333,0.0,291.10215250651
2015-06-10 14:15:00,4.673094955796533,15.501675605774002,53.11003239949533,0.0,333.84833780924333
2015-06-10 14:30:00,4.250676500338833,15.850436210632331,51.56088256835934,0.0,361.6775919596333
2015-06-10 14:45:00,4.7550317163035,15.852503776550668,50.588181813558,0.0,294.9542744954433
2015-06-10 15:00:00,4.7914227210859,15.633249600728334,50.59770711263033,0.0,224.24363708496
2015-06-10 15:15:00,4.8999433510361,15.439706166585,50.942073822021335,0.0,198.23664347330669
2015-06-10 15:30:00,4.4908114438019,15.577082633972331,50.30013783772767,0.0,219.98097229004
2015-06-10 15:45:00,4.2703890525322,15.796436309814334,49.88317235310867,0.0,276.60948689778667
2015-06-10 16:00:00,3.1543318940328,15.700786908467334,50.525783538818665,0.0,180.69033813476668
2015-06-10 16:15:00,3.4093519394194,15.462170600891,51.46274312337234,0.0,152.53483072916666
2015-06-10 16:30:00,3.4872391129691,15.306747436523668,51.92670949300133,0.0,123.41303253174
2015-06-10 16:45:00,3.101029934209167,15.156221707662,52.528948465983,0.0,73.03792444864933
2015-06-10 17:00:00,3.4445415785115667,14.950126965840331,53.28149286905933,0.0,68.69090398152633
2015-06-10 17:15:00,3.0569192828725336,14.911285718282334,54.02867635091133,0.0,77.144967397054
2015-06-10 17:30:00,3.0753319229507667,14.619266510009666,54.55739720662433,0.0,21.97053527832
2015-06-10 17:45:00,2.9236359496676,14.380063056946,55.089106241862,0.0,7.7544635136922
2015-06-10 18:00:00,2.7431646852334333,14.175209045410332,55.571818033854335,0.0,4.0319551626841
2015-06-10 18:15:00,2.100867168391533,13.972682952881,56.250961303711,0.0,2.9013376235962003
2015-06-10 18:30:00,2.043431027098966,13.805824597676668,57.039134979248,0.0,2.870994249979633
2015-06-10 18:45:00,2.3720863563366,13.637735684712666,58.349068959554,0.0,2.842772165934267
2015-06-10 19:00:00,2.3100705878401,13.484619140625,59.15955352783234,0.0,2.6988237698873
2015-06-10 19:15:00,2.1650686630363665,13.320803960164334,59.73034667968767,0.0,2.773583332697533
2015-06-10 19:30:00,2.2688664379142,13.173598289489666,60.24358240763368,0.0,2.7397027015686
2015-06-10 19:45:00,2.589176183023433,12.996675491332669,60.73933029174767,0.0,2.8810230096181333
2015-06-10 20:00:00,2.411909708372133,12.742039044697998,61.54005050659166,0.0,3.200491666793833
2015-06-10 20:15:00,1.7671450429302666,12.372968673706,62.96291478474933,0.0,3.669601281483967
2015-06-10 20:30:00,1.12487194193649,11.99813079834,64.30529530843067,0.0,3.1398027737935337
2015-06-10 20:45:00,0.8419519113454834,11.581724802653,65.67380269368466,0.0,3.2549772262573
2015-06-10 21:00:00,0.79303493629122,11.161452293396,66.89219156901034,0.0,2.9065629641215
2015-06-10 21:15:00,0.8895152417581866,11.212036768595668,67.63865152994799,0.0,2.5971465110779
2015-06-10 21:30:00,0.8715694609526,11.118788083394334,67.626528422038,0.0,2.7758051554362004
2015-06-10 21:45:00,0.7025726517120967,11.065916061401666,67.956746419271,0.0,2.759755929311133
2015-06-10 22:00:00,1.4205660086991332,11.214630762736334,67.476323445638,0.0,2.217686295509367
2015-06-10 22:15:00,1.5696860879322998,11.67555363973,66.085444132487,0.0,1.9201599756876664
2015-06-10 22:30:00,1.6111829189739335,11.923027674357334,65.40880330403633,0.0,2.150384028752633
2015-06-10 22:45:00,1.30253589158329,11.840484619140668,65.71913401285799,0.0,3.1189064979553334
2015-06-10 23:00:00,1.2307496998230667,11.263628641764331,67.92618560791,0.0,3.8511891365051336
2015-06-10 23:15:00,1.4246375831651663,10.704891522725331,70.07063802083333,0.0,3.467905124028533
2015-06-10 23:30:00,1.0251487879867398,10.218988736470534,71.67202504475934,0.0,3.513383706410733
2015-06-10 23:45:00,0.9662925097068,9.287791570027666,74.78956858317066,0.0,3.2095494270324667
2015-06-11 00:00:00,0.8880836253485768,9.080288887023933,75.22782897949234,0.0,2.6308180491129334
2015-06-11 00:15:00,1.3436146729726666,8.964769681294733,76.34844462076835,0.0,2.904692967732767
2015-06-11 00:30:00,1.3454029903529332,9.090303421020533,76.240697224935,0.0,2.4035295645396
2015-06-11 00:45:00,2.013142306578967,9.166640281677234,75.28691355387366,0.0,2.654216925303133
2015-06-11 01:00:00,1.058857140092213,9.417065302530936,75.21471150716134,0.0,2.393262147903467
2015-06-11 01:15:00,0.7806749761257167,9.4981002807617,74.17097981770833,0.0,2.389164288838733
2015-06-11 01:30:00,0.8427031512285866,8.931355158487934,75.97170766194667,0.0,4.362384637196867
2015-06-11 01:45:00,0.5826495889049367,7.861015319824233,79.97778574625667,0.0,4.723777453104667
2015-06-11 02:00:00,0.5637163018380801,7.097015539805066,83.81504313151034,0.0,4.3614951769511
2015-06-11 02:15:00,0.7546117426331834,6.891974925994901,85.26908111572267,0.0,3.083391189575167
2015-06-11 02:30:00,0.8965908706483834,6.263932863871266,85.313102722168,0.0,3.345888217290233
2015-06-11 02:45:00,0.6941636879274067,6.231430053710933,87.09889729817701,0.0,2.887299617131533
2015-06-11 03:00:00,0.8724469303288434,6.180075804392501,86.49938710530598,0.0,2.3491288026174
2015-06-11 03:15:00,1.0067524840094,6.456469853719066,87.21192677815766,0.0,1.916955908139533
2015-06-11 03:30:00,1.03618706928651,6.782076994578033,84.36491648356133,0.0,2.3259564240773334
2015-06-11 03:45:00,1.0623446327238335,6.798380374908466,84.36396280924465,0.0,2.4536756674448665
2015-06-11 04:00:00,0.87994765105534,6.9694833755493,84.500602722168,0.0,2.497906923294067
2015-06-11 04:15:00,1.0096064008360102,6.9480301539103335,84.63990020751935,0.0,2.6356918017069333
2015-06-11 04:30:00,1.0417894026339931,6.8069756825765,84.805997212728,0.0,2.7832908630370667
2015-06-11 04:45:00,1.3428560597683667,6.677470207214367,85.203819274902,0.0,2.9373998641967667
2015-06-11 05:00:00,1.5125746818345334,6.5007174809774,86.21994272867867,0.0,2.7145446936289663
2015-06-11 05:15:00,1.1979753753242368,6.8564747174581,86.27040354410833,0.0,2.340779622395833
2015-06-11 05:30:00,0.8363442356514766,6.7737334569295,85.81482187906902,0.0,2.7537964185079
2015-06-11 05:45:00,1.2260532915735334,7.42853418986,85.14046223958333,0.0,1.838356375694267
2015-06-11 06:00:00,1.163080404171,7.786638577779133,83.89671325683567,0.0,2.0717206001281667
2015-06-11 06:15:00,0.99277774442195,8.054259936014832,83.07493336995434,0.0,2.4528548717499
2015-06-11 06:30:00,0.7041966146718667,7.812308629353833,83.618891398112,0.0,3.1895259221395
2015-06-11 06:45:00,0.7235269462558435,7.046744187672933,85.64838918050134,0.0,3.4647645950317667
2015-06-11 07:00:00,0.70940003809611,6.541445573171,87.66127268473299,0.0,4.243703683217366
2015-06-11 07:15:00,0.6626067892720701,5.960832277933766,88.79469045003266,0.0,8.9154659907024
2015-06-11 07:30:00,0.97944410849143,5.833415985107401,90.63955179850234,0.0,20.851341247558665
2015-06-11 07:45:00,0.7396500486797434,6.043342590332034,90.18722534179666,0.0,38.75515619913733
2015-06-11 08:00:00,0.9456414485170068,6.365923245747866,89.56099700927767,0.0,62.36576080322266
2015-06-11 08:15:00,1.1679484739348098,7.416652043660466,86.63153584798165,0.0,107.456802368163
2015-06-11 08:30:00,1.368943929867133,9.001401265462233,80.08723449707033,0.0,210.16746012369663
2015-06-11 08:45:00,1.707959923354467,10.312611579895,74.17242685953767,0.0,214.61749267578327
2015-06-11 09:00:00,2.383233316858933,10.400257746378667,73.03458150227867,0.0,221.31039428711
2015-06-11 09:15:00,2.176383841246267,10.657169024149669,71.95909627278633,0.0,223.5744120279967
2015-06-11 09:30:00,2.5791131448714,11.092850685119666,69.47254180908233,0.0,222.00675964355665
2015-06-11 09:45:00,2.7606503178132336,11.873215675354,65.79372406005866,0.0,439.6320292154933
2015-06-11 10:00:00,2.4407707419770666,12.508042335510334,62.786440531413,0.0,414.10050455729
2015-06-11 10:15:00,2.2959950059433,13.083649635314666,60.075871785482,0.0,506.19864908854
2015-06-11 10:30:00,1.8797258562276,13.529474576314334,58.08670043945301,0.0,530.60279337565
2015-06-11 10:45:00,2.4175660612316,13.890692392985,56.62014007568367,0.0,608.7508341471366
2015-06-11 11:00:00,2.0959798043680333,14.357583681742334,54.71556218465167,0.0,627.3141479492166
2015-06-11 11:15:00,2.304967234071733,15.203863779703669,51.93450037638333,0.0,649.68631998698
2015-06-11 11:30:00,2.4661827831665666,15.304557482401668,51.19326782226533,0.0,678.5444946289067
2015-06-11 11:45:00,2.7370324220183666,15.742303530375333,49.348131815592666,0.0,697.3120524088566
2015-06-11 12:00:00,3.0005867555745334,16.168439229329334,47.83695729573567,0.0,707.1335042317733
2015-06-11 12:15:00,2.6914134187495,16.808666229248,45.67516454060867,0.0,707.44132486979
2015-06-11 12:30:00,2.6202085934989,17.239370981852,44.243994394938,0.0,703.7146199544267
2015-06-11 12:45:00,2.7408002774626667,17.569025675455666,42.90557988484701,0.0,696.9947306315099
2015-06-11 13:00:00,3.163233921079,17.994103749593332,41.48872375488301,0.0,689.0628458658833
2015-06-11 13:15:00,3.1193479132054667,18.368199030558333,40.188321431478,0.0,678.5235799153634
2015-06-11 13:30:00,3.177206850449867,18.436644872029667,39.725957234700665,0.0,660.7814534505234
2015-06-11 13:45:00,3.4079450920709,18.846417744954667,38.509304046631,0.0,641.3528645833334
2015-06-11 14:00:00,3.759092406538633,19.401119232178,36.95480600992833,0.0,617.5142618815099
2015-06-11 14:15:00,4.095830220376967,19.594046910604003,36.192743937174335,0.0,588.3302205403667
2015-06-11 14:30:00,4.081641212958,19.599699020386,35.863184611002666,0.0,553.8541259765633
2015-06-11 14:45:00,3.2154649391097667,19.756484349568662,35.43323644002266,0.0,511.9932047526033
2015-06-11 15:00:00,3.1370519197178,19.770498275756665,35.106410980224666,0.0,493.8589274088533
2015-06-11 15:15:00,3.4313085420564,19.87835057576533,34.81942749023434,0.0,460.2190755208367
2015-06-11 15:30:00,2.612426163335167,19.938589731852,34.45718510945667,0.0,415.8330078125
2015-06-11 15:45:00,2.8860539989783,19.87272644042933,34.63615926106767,0.0,373.6345723470033
2015-06-11 16:00:00,3.5285720973339334,19.629892985026,34.922763824463,0.0,328.68958536784
2015-06-11 16:15:00,3.3658404256210663,19.541660308838,35.405619303385336,0.0,276.1931152343733
2015-06-11 16:30:00,3.592744628513333,19.22327931722,36.40294901529967,0.0,223.61188761393336
2015-06-11 16:45:00,3.04320702469,18.920253117879334,37.01043192545566,0.0,169.78797403971
2015-06-11 17:00:00,3.283170571548467,18.641748428345,37.60643768310567,0.0,110.791414896649
2015-06-11 17:15:00,3.4654698898245333,18.259898503621667,38.342534383138,0.0,37.370020548502666
2015-06-11 17:30:00,2.770253207739533,17.745993296305333,39.59313964843734,0.0,22.137903849283664
2015-06-11 17:45:00,2.4925309270890668,17.353832244873,40.43812052408833,0.0,12.791987419128333
2015-06-11 18:00:00,2.1468660080820667,16.628231684366998,42.395669301350665,0.0,7.061045487721767
2015-06-11 18:15:00,2.2954904411837,16.198342005411664,43.487508138021006,0.0,3.7639691034952665
2015-06-11 18:30:00,1.911505753698033,15.775090853373332,44.51003265380867,0.0,3.5785060723622664
2015-06-11 18:45:00,1.796067623899133,15.245743115743002,46.032702128092666,0.0,3.5471746126810664
2015-06-11 19:00:00,1.4548060788129,14.585439364115333,48.12992095947266,0.0,4.1974888642628665
2015-06-11 19:15:00,1.2439642367477,13.121462821960668,52.605237325032334,0.0,4.9524310429891
2015-06-11 19:30:00,1.3401627665500666,11.835701624552668,56.82585398356133,0.0,5.0512417157491
2015-06-11 19:45:00,0.97052552458621,10.954827944438,60.167626698812,0.0,4.1663063367207664
2015-06-11 20:00:00,1.5470373644367663,10.714925130208668,61.23019282023101,0.0,2.349027395248433
2015-06-11 20:15:00,1.7271402277199333,12.390253384908334,55.436972300211664,0.0,1.3124440908432
2015-06-11 20:30:00,1.16790668442266,13.199263254801666,52.23248799641934,0.0,2.3655453125635666
2015-06-11 20:45:00,1.1384993848492335,12.485715866089,54.596647898356,0.0,2.9197504520416
2015-06-11 21:00:00,1.0183102753934663,12.180932680765666,55.733946482340336,0.0,3.1232813199361
2015-06-11 21:15:00,0.98578971235386,11.964948972066,56.26201502482101,0.0,3.082852284113567
2015-06-11 21:30:00,0.94199993294493,11.442047754923664,57.80630111694333,0.0,3.3434619903564333
2015-06-11 21:45:00,0.9611531944406834,11.141109784444,58.64293289184567,0.0,3.0110383828481333
2015-06-11 22:00:00,0.8948589569678468,10.580393791199,60.846220652262,0.0,3.4822109540303665
2015-06-11 22:15:00,1.0758109222087702,10.521452585856,60.694585164388,0.0,2.4880820115407336
2015-06-11 22:30:00,1.2547725763894666,10.779313723246332,59.96364974975567,0.0,2.3156276543935
2015-06-11 22:45:00,1.1717525778624334,10.409150441487734,60.581460316976006,0.0,3.2851761182149333
2015-06-11 23:00:00,1.2684018515946,9.401852607727069,64.273646036784,0.0,3.5370399157206336
2015-06-11 23:15:00,1.3814736751028331,9.2888533274333,64.519137064616,0.0,2.8017537593841664
2015-06-11 23:30:00,1.1973079793752,9.133991559346534,65.36875661214201,0.0,3.325014591217033
2015-06-11 23:45:00,1.4156042933407,8.992495218912735,65.06996663411434,0.0,2.9830746650696
2015-06-12 00:00:00,1.5160389948635336,7.9750151634216335,67.907709757487,0.0,3.6950022379557335
2015-06-12 00:15:00,0.9301260600843534,7.270878632863333,71.38230641682934,0.0,3.9634804725647
2015-06-12 00:30:00,0.7446985330173167,6.821519533793134,73.64377593994168,0.0,3.5889162222544333
2015-06-12 00:45:00,0.9518113509915668,6.835443655649833,74.26183319091801,0.0,3.011546373367333
2015-06-12 01:00:00,0.7536570962181067,6.892895221710201,72.985590616862,0.0,2.5520803928375
2015-06-12 01:15:00,0.7958581456632633,6.481757005055734,75.17742156982433,0.0,2.989973386128733
2015-06-12 01:30:00,0.8039954445052132,6.462862332661934,75.53108469645167,0.0,2.5482868353526
2015-06-12 01:45:00,0.8588460666937833,6.532118320465099,75.39272562662734,0.0,2.289655725161233
2015-06-12 02:00:00,0.8159870035196933,7.325886726379401,72.30089823404933,0.0,1.2979057629903
2015-06-12 02:15:00,0.6371091049698167,8.089931170145666,69.00849914550766,0.0,1.6732250452041668
2015-06-12 02:30:00,0.6919990331416933,8.191356658935533,68.86080678304067,0.0,2.011214971542367
2015-06-12 02:45:00,0.6707856016785266,8.423302014668801,68.260632832845,0.0,2.125931421915667
2015-06-12 03:00:00,0.88049413778195,8.5474904378255,67.617212931315,0.0,2.4519381523132333
2015-06-12 03:15:00,1.10917096215215,8.3097979227702,67.850730895996,0.0,3.450798829396534
2015-06-12 03:30:00,0.9532847127617232,7.7312836647034,70.07449595133467,0.0,4.031427065531401
2015-06-12 03:45:00,0.9536790750676634,7.2207810084025,72.29410552978533,0.0,3.8166012763977
2015-06-12 04:00:00,1.212516624399817,6.571638584136934,73.955083211263,0.0,3.7516271273295
2015-06-12 04:15:00,1.5271370795380337,6.189411163330067,76.16251373291,0.0,3.270014524459833
2015-06-12 04:30:00,1.4291067430057334,6.0088489850362,76.99951934814433,0.0,2.8966008027394667
2015-06-12 04:45:00,0.8363765546402933,6.256676514943433,75.224657694499,0.0,2.7262897491455003
2015-06-12 05:00:00,0.86238587899987,6.178835391998301,75.35619608561167,0.0,2.902457793553667
2015-06-12 05:15:00,0.5086559263215866,5.71257909139,76.576955159505,0.0,3.4206098715464
2015-06-12 05:30:00,0.9104154947141132,5.719194571177167,77.68707021077466,0.0,2.660275697708133
2015-06-12 05:45:00,0.8251797248586,5.573766231536833,77.288174947103,0.0,2.8039905230204334
2015-06-12 06:00:00,0.6489635952674567,5.364087899525967,77.413284301758,0.0,3.172740141550733
2015-06-12 06:15:00,0.6073679528911934,4.946349143981967,79.24081929524733,0.0,3.3726235230763666
2015-06-12 06:30:00,0.8148168751034733,4.508993466695167,81.062530517578,0.0,3.339982509613
2015-06-12 06:45:00,0.6699303074554667,4.2691411972046,82.934160868327,0.0,3.0345933437347337
2015-06-12 07:00:00,0.5896155561989134,4.316158135732,83.942942301432,0.0,4.025774478912367
2015-06-12 07:15:00,0.7726159470752899,4.8214178085327,82.39856465657567,0.0,8.357390085856233
2015-06-12 07:30:00,0.7227176690629301,5.7498982747396,80.22946929931668,0.0,19.45623334248867
2015-06-12 07:45:00,0.81464545642313,6.963033517201733,75.99705759684234,0.0,31.636117299398
2015-06-12 08:00:00,0.9458373934245,7.632820447285966,73.42782847086566,0.0,46.72475687662767
2015-06-12 08:15:00,1.0751380514583566,8.665655453999868,69.92711893717434,0.0,63.292663574219
2015-06-12 08:30:00,1.3709014362707332,9.429057121276832,66.97806040445967,0.0,94.22000630696532
2015-06-12 08:45:00,1.6108331056566,10.657045682271333,59.17517725626666,0.0,162.93451436361
2015-06-12 09:00:00,1.3080821965198666,11.739110628764,53.191220601400005,0.0,287.65842183431
2015-06-12 09:15:00,1.2893845135568,11.343285878499666,54.15975189208999,0.0,131.78712463379335
2015-06-12 09:30:00,1.3445977088819998,12.066064834594664,51.85492070515934,0.0,327.88124084473
2015-06-12 09:45:00,1.6156891220270666,12.720217386881332,49.35857645670566,0.0,341.14671834309667
2015-06-12 10:00:00,1.3910254816001,12.818680445353332,49.42265192667634,0.0,377.16557820638
2015-06-12 10:15:00,1.4898399068238,13.584454854329666,47.459067026774,0.0,405.5290222167967
2015-06-12 10:30:00,1.6691712204767668,14.447195370992,45.57695643107067,0.0,419.1918334960933
2015-06-12 10:45:00,1.5038601667356666,14.179806073506668,46.931755065918,0.0,217.04268900553333
2015-06-12 11:00:00,1.519841200271267,14.343900362650333,46.97517267862967,0.0,233.94423929850333
2015-06-12 11:15:00,2.0064448142729,14.839502970377666,46.131003061930336,0.0,418.91573079427
2015-06-12 11:30:00,1.8552145964717663,16.41562016805,41.928340911865,0.0,843.45703125
2015-06-12 11:45:00,1.9524874677419664,16.282991727193334,42.14248530069967,0.0,407.55530802409
2015-06-12 12:00:00,1.729255267118167,16.113825798034668,43.341311136881664,0.0,273.1916859944667
2015-06-12 12:15:00,2.2799994465233664,16.885848999023334,41.711550394694335,0.0,436.3091227213533
2015-06-12 12:30:00,2.5229418593044333,17.524525960286336,40.06713485717767,0.0,509.86894734700667
2015-06-12 12:45:00,3.739111147561367,17.939170201619664,39.4981396993,0.0,496.6656188964833
2015-06-12 13:00:00,3.4678375648155337,19.111475626627666,37.686403910319,0.0,754.96120198568
2015-06-12 13:15:00,3.939697627000167,19.97402636210133,35.528378804524664,0.0,751.8133544921866
2015-06-12 13:30:00,4.2460793449402,20.094151178996,35.074930826823,0.0,619.3467000325533
2015-06-12 13:45:00,4.4795446557719005,20.827354431152333,33.79777654012033,0.0,743.1821492513
2015-06-12 14:00:00,4.059578823029834,21.088738123576,33.18716049194334,0.0,588.0538533528634
2015-06-12 14:15:00,3.821863035351466,20.57724316914867,33.808485666911004,0.0,503.45127360026
2015-06-12 14:30:00,3.220814349878967,21.076489130656,32.876528422037666,0.0,557.8822428385433
2015-06-12 14:45:00,3.196398236873,21.228239695231,33.03356170654266,0.0,512.11900838216
2015-06-12 15:00:00,3.5421277055543,21.230494817098,33.246452331543,0.0,486.51212565104
2015-06-12 15:15:00,2.9681303669204664,21.208655039469,33.271171569824,0.0,440.9282023111967
2015-06-12 15:30:00,2.879056496386833,21.020615895589,33.626187642415665,0.0,388.2825826009134
2015-06-12 15:45:00,3.099197376901633,20.979668299357,33.80979156494167,0.0,367.5758972167967
2015-06-12 16:00:00,2.813780262909567,20.922639211018662,34.10898208618167,0.0,321.8603210449233
2015-06-12 16:15:00,2.7881275512173667,20.917809168497666,34.37718327840167,0.0,270.80709330241
2015-06-12 16:30:00,2.7527957438958333,20.712798436483,34.969710032145336,0.0,218.77803548177
2015-06-12 16:45:00,2.588283702095,20.49197642008467,36.09337234497067,0.0,166.02266438802334
2015-06-12 17:00:00,2.3924870998938665,20.261109670003,37.16824849446633,0.0,105.54830169677469
2015-06-12 17:15:00,2.111448105093633,19.948621749878,38.111961364746,0.0,37.05144627889033
2015-06-12 17:30:00,2.069281008247367,19.450865427653,39.60753377278633,0.0,22.559850056966
2015-06-12 17:45:00,1.5038313798767666,18.58188374837233,42.63046010335267,0.0,13.479386647542334
2015-06-12 18:00:00,1.8039717800903328,17.845471700032334,44.61464564005533,0.0,6.878704071044901
2015-06-12 18:15:00,1.9673029425544664,17.45277150472,45.106367746989,0.0,4.012890021006267
2015-06-12 18:30:00,2.565975740833933,17.089606602986667,45.439854939779,0.0,3.3118545214335
2015-06-12 18:45:00,2.191120770319633,16.380992253621667,46.688223520915,0.0,3.529702822367333
2015-06-12 19:00:00,2.2735776369578,16.107198079426997,47.676294962565,0.0,2.897394418716433
2015-06-12 19:15:00,2.0946140180298336,16.381666819254335,46.23473103841167,0.0,2.1389713684717666
2015-06-12 19:30:00,1.8453706828298333,16.314247131347667,45.85582605997734,0.0,2.4715798695882003
2015-06-12 19:45:00,1.0998517022587433,15.585106213887665,47.598917643229335,0.0,4.088577588399233
2015-06-12 20:00:00,0.8015896777006001,13.749214172363002,53.018906911214,0.0,5.263971487681067
2015-06-12 20:15:00,0.6256643196674967,12.746925989787,57.11047490437833,0.0,4.354950269063333
2015-06-12 20:30:00,0.8167602529873866,12.082025527954,60.03436915079734,0.0,4.016327381134033
2015-06-12 20:45:00,0.8227474560416533,11.681530634562334,60.01225153605134,0.0,3.3719570636749334
2015-06-12 21:00:00,0.5330202605104434,11.520853996276664,61.47211329142234,0.0,3.2516786257426005
2015-06-12 21:15:00,0.6189320469195834,11.11989847819,62.90508270263666,0.0,3.1696755886078
2015-06-12 21:30:00,0.4769079615132,10.759084701538,64.40416971842467,0.0,2.9746166865030665
2015-06-12 21:45:00,0.9728016291089032,10.64200146993,66.736083984375,0.0,2.805632909139
2015-06-12 22:00:00,0.8685824932069767,11.087682723999,67.02411905924467,0.0,2.3292802969614668
2015-06-12 22:15:00,1.0699862412826333,11.364670117696331,66.979169209798,0.0,2.793555100758867
2015-06-12 22:30:00,1.00984729209676,11.360552469889669,67.16042327880866,0.0,2.7825131416320663
2015-06-12 22:45:00,1.09122941990248,11.334870656331333,65.91325887044233,0.0,2.4186468919118336
2015-06-12 23:00:00,0.8945100266830033,10.558969815572,69.904296875,0.0,2.9044810136159662
2015-06-12 23:15:00,1.3230127746162668,10.184012095133331,70.97187296549465,0.0,3.0176152388255004
2015-06-12 23:30:00,1.3903842234125,9.994182586669666,72.49033101399733,0.0,2.8516515890757
2015-06-12 23:45:00,1.1685417393070667,9.4727379480998,74.02614084879534,0.0,3.0739300251007333
2015-06-13 00:00:00,0.96102548586814,9.396933873494431,73.23353576660166,0.0,2.7943992614746
2015-06-13 00:15:00,0.8537994919139532,9.354792277018234,74.24794006347634,0.0,2.755497376124066
2015-06-13 00:30:00,0.9524655897566534,9.325636545817067,73.71444702148433,0.0,2.5616698265075666
2015-06-13 00:45:00,0.9324443956354466,9.1804758707682,73.290481567383,0.0,2.7241521676381333
2015-06-13 01:00:00,0.72090442809089,9.081565539042131,73.41164398193332,0.0,2.2277476787567
2015-06-13 01:15:00,0.7416930657412201,9.105017662048333,71.661562601725,0.0,2.5247522989909004
2015-06-13 01:30:00,0.6509663129340834,9.086545626322431,71.29055023193366,0.0,2.816012303034467
2015-06-13 01:45:00,0.3950091603650267,8.851572672526034,73.39741516113266,0.0,2.9920162359873337
2015-06-13 02:00:00,0.5197955687122333,8.581297556559234,76.10398610432934,0.0,3.0877838134766
2015-06-13 02:15:00,0.7540923650037467,8.384843826293933,75.87468719482433,0.0,2.7844224770864
2015-06-13 02:30:00,0.8709291961765132,8.8091491063436,74.100351969401,0.0,2.023480852444967
2015-06-13 02:45:00,1.2751468510481667,8.8036177953084,73.391123453776,0.0,2.1814788182576668
2015-06-13 03:00:00,1.0782578935165368,9.1075750986735,72.20545450846366,0.0,1.8084520896276
2015-06-13 03:15:00,1.0317682643731434,9.420417149861668,70.50376129150366,0.0,2.4655610322952337
2015-06-13 03:30:00,1.0468803056443334,9.231246630350732,71.30797831217467,0.0,3.3900252978007
2015-06-13 03:45:00,1.4246885782909668,8.580157597859701,74.84170786539734,0.0,3.6051808198293
2015-06-13 04:00:00,1.4209821819073,7.933751424153633,77.71134948730467,0.0,3.592791080474833
2015-06-13 04:15:00,1.0909015940939466,7.635630289713567,79.22772725423168,0.0,3.429437081019066
2015-06-13 04:30:00,0.5634313803702233,7.3237404823303,80.49950917561834,0.0,3.287390311559033
2015-06-13 04:45:00,0.6380914344531733,7.042667388916033,82.84484354654933,0.0,3.078822294871
2015-06-13 05:00:00,0.5875591060058266,7.035944461822534,84.62571207682267,0.0,2.882341464360534
2015-06-13 05:15:00,0.8008060415633533,7.204968452453634,83.32590230305966,0.0,2.2746832370758
2015-06-13 05:30:00,0.5728073199110034,7.364784876505534,82.11725870768201,0.0,1.6453944842020334
2015-06-13 05:45:00,0.6677139952696199,7.986927350362133,81.09877522786466,0.0,1.5452263355255
2015-06-13 06:00:00,0.6107175931146166,8.657751083374,78.834681193034,0.0,1.5751163959503334
2015-06-13 06:15:00,0.7631381718136501,9.2886584599813,76.74740854899066,0.0,1.6210067669550667
2015-06-13 06:30:00,0.6448875725252633,9.719980875651066,75.78510793050134,0.0,1.7978516817093002
2015-06-13 06:45:00,0.79687102807044,9.974225680033468,74.79258728027366,0.0,2.2154181400935
2015-06-13 07:00:00,0.8312375263597099,9.899811426798534,75.05325317382834,0.0,3.8876095612843664
2015-06-13 07:15:00,0.85934321398053,9.591669400533066,75.41046142578134,0.0,8.036878267924067
2015-06-13 07:30:00,0.8820988727094233,9.4082301457723,76.04970804850267,0.0,20.953244527181
2015-06-13 07:45:00,1.0767033148339331,9.836886723836336,74.75679779052733,0.0,35.37219492594367
2015-06-13 08:00:00,1.0559305276166533,10.481399218241334,72.24001820882167,0.0,34.42678451538067
2015-06-13 08:15:00,1.4779980438906335,11.076836585998334,70.71154785156233,0.0,87.87208175659167
2015-06-13 08:30:00,1.309304357625,12.454709370931,66.40137990315766,0.0,112.15385945638168
2015-06-13 08:45:00,1.01223370945213,13.438138961792,63.43605677286767,0.0,167.71498870849334
2015-06-13 09:00:00,1.159382904339633,14.173847516377668,62.02347564697234,0.0,176.27598571777332
2015-06-13 09:15:00,1.3879520428988332,14.614261627197337,60.678150177002,0.0,254.70687866211
2015-06-13 09:30:00,1.1128268490778768,16.112504323323666,56.753885904948,0.0,525.0710245768233
2015-06-13 09:45:00,1.4374112219721331,16.809280395507667,55.96850458780934,0.0,347.30563863118664
2015-06-13 10:00:00,1.6334932202711334,16.603321711222335,57.66901906331367,0.0,325.96401977539
2015-06-13 10:15:00,1.2778695492480667,17.02468808492033,56.49753570556633,0.0,319.65158081054665
2015-06-13 10:30:00,1.3180202414242332,17.649791717529,54.53399022420266,0.0,316.68414306640665
2015-06-13 10:45:00,1.587177151161833,18.362284978230665,52.576471964518,0.0,600.03458658854
2015-06-13 11:00:00,1.8496722431055668,19.616911570231,51.431465148926,0.0,692.48118082682
2015-06-13 11:15:00,2.3898470535342,19.293794631958,54.230729420979664,0.0,474.4052225748733
2015-06-13 11:30:00,1.9621965423240664,19.093952178955004,55.406251271566,0.0,395.85922241211
2015-06-13 11:45:00,1.5777826127494332,19.410518010457665,55.422487894694,0.0,438.0622355143234
2015-06-13 12:00:00,2.4676248193594668,20.624632517496668,52.88190968831367,0.0,799.11212158203
2015-06-13 12:15:00,2.2117389164737,20.936395009358662,51.531798044840336,0.0,632.7044270833334
2015-06-13 12:30:00,1.9868717812115333,21.304881413777668,50.71020126342734,0.0,729.5169677734366
2015-06-13 12:45:00,2.2688710738347333,21.641292572021666,49.04238001505567,0.0,508.12471516927
2015-06-13 13:00:00,1.6401964522883332,22.24065081278467,47.995858510335005,0.0,638.1401774088566
2015-06-13 13:15:00,2.2860579323746,22.681262334187664,46.65709304809533,0.0,489.8551940917967
2015-06-13 13:30:00,2.3563464789714668,23.353661855062,44.693300882975336,0.0,593.6325480143233
2015-06-13 13:45:00,2.329731747543,22.701157887776663,46.25045394897433,0.0,398.61004638672
2015-06-13 14:00:00,2.4065186626215,23.308610280355,44.206349690755,0.0,681.3270874023433
2015-06-13 14:15:00,2.386400047941833,23.101261138916,44.49636077880867,0.0,393.59738667806
2015-06-13 14:30:00,2.2265543471346,23.079273223877,45.04926172892234,0.0,520.92974853516
2015-06-13 14:45:00,1.8416432702732,23.588898340861004,43.45017751057967,0.0,476.7515055338567
2015-06-13 15:00:00,2.388356715464566,22.36757278442367,46.98566563924167,0.0,110.71720123290731
2015-06-13 15:15:00,2.2183507987807665,21.65759913126633,49.55152130126933,0.0,43.47808202107766
2015-06-13 15:30:00,1.8278919820550328,20.54966545105,59.90143839518233,0.0,30.64782842000333
2015-06-13 15:45:00,1.6509871533562333,18.312868118286,80.73330688476567,0.0,28.73767598470033
2015-06-13 16:00:00,1.6140357320099,17.378598531087334,87.77473704020201,0.0,100.472362518308
2015-06-13 16:15:00,1.574198118999813,17.503124872843333,89.08176676432333,0.0,59.606218973795336
2015-06-13 16:30:00,1.3938201027956163,16.867474238078,86.54248809814435,0.0,59.570847829183
2015-06-13 16:45:00,0.83696880452523,16.694020589193,89.55683898925766,0.0,30.22852516174333
2015-06-13 17:00:00,1.1941251550253331,16.519810994466,90.807034810384,0.0,19.24003728230833
2015-06-13 17:15:00,1.9643195731662333,15.896024068197,87.59352874755866,0.0,12.619698842366368
2015-06-13 17:30:00,1.4416716770858666,15.619569460551,89.03941090901701,0.0,6.357327938079834
2015-06-13 17:45:00,0.9905888393567466,15.634973208109663,90.08110555013032,0.0,4.467426617940267
2015-06-13 18:00:00,2.2112004874185,15.755654335022,91.34736887613934,0.0,2.480013092358867
2015-06-13 18:15:00,2.8817792387383663,16.204352060953667,85.89028930664067,0.0,2.4857800801595
2015-06-13 18:30:00,2.1043840660047333,16.054029464721665,87.119913736979,0.0,2.798304716746033
2015-06-13 18:45:00,1.6754127148097666,15.669942220052,90.09593454996734,0.0,2.8431183497110664
2015-06-13 19:00:00,0.9815213651373366,15.620675722758,92.45366160074866,0.0,2.3146915435791
2015-06-13 19:15:00,0.6832428499476134,15.498329480489,94.480753580729,0.0,2.607290824254333
2015-06-13 19:30:00,1.3050616073125332,15.478891690572,97.14410654703768,0.0,2.6633886496226
2015-06-13 19:45:00,1.5093056072871,15.498514493306333,93.68159484863266,0.0,2.6419237454732336
2015-06-13 20:00:00,1.6236624196615,15.698402086893664,89.00426991780601,0.0,2.4963339964548665
2015-06-13 20:15:00,1.0945603067236134,15.617891311645666,87.10400644938132,0.0,2.302031993865933
2015-06-13 20:30:00,0.83134039964374,15.407011667887666,88.10029347737634,0.0,2.6727554798126003
2015-06-13 20:45:00,1.1554481336806637,15.243941942850666,88.53204345703132,0.0,2.714768727620433
2015-06-13 21:00:00,1.02020318797113,15.035324096679332,88.72753143310565,0.0,2.9232254823049004
2015-06-13 21:15:00,1.6455613161258666,15.031750361124669,88.77739715576166,0.0,2.3559792041778667
2015-06-13 21:30:00,1.344425782458,15.199574788411333,89.53001658121768,0.0,2.0469567378362004
2015-06-13 21:45:00,1.7078109557749332,15.229641596476334,91.69594828287768,0.0,2.111741900444
2015-06-13 22:00:00,2.690065381364167,15.251475016275998,93.61921183268268,0.0,2.3923046588897665
2015-06-13 22:15:00,3.0891791084963334,15.268795331319334,92.30736033121734,0.0,2.4197038809458333
2015-06-13 22:30:00,2.9355896486645,15.249794006347663,91.548001607259,0.0,2.5741895039876668
2015-06-13 22:45:00,2.627263934717833,15.190499305725334,89.74470774332667,0.0,2.8874647617340337
2015-06-13 23:00:00,2.3944633707377,14.980931917826334,88.62360890706367,0.0,3.039589881896967
2015-06-13 23:15:00,1.6731335196733668,14.531298955281663,90.243245442708,0.0,3.1544943650563333
2015-06-13 23:30:00,1.907159247069033,14.202074368794667,94.17410278320334,0.0,2.6964446703593
2015-06-13 23:45:00,1.1172758095504434,14.148739814758336,96.56754048665334,0.0,2.5373689333598
2015-06-14 00:00:00,1.2648417736931,14.231996218363667,96.84373728434234,0.0,2.346382220586133
2015-06-14 00:15:00,1.0122842630616666,14.212088267008667,96.41564941406232,0.0,2.6121761798858665
2015-06-14 00:30:00,0.7422692333970934,14.059107144673668,97.71791839599634,0.0,2.7191885312398334
2015-06-14 00:45:00,0.82521846790871,13.829889933268332,97.93189748128266,0.0,2.804776350657133
2015-06-14 01:00:00,0.97210602027211,13.733585675557668,98.567675272624,0.0,2.3442281087239336
2015-06-14 01:15:00,2.3978941726840333,14.054070790608668,99.17654164632164,0.0,1.7100480397542333
2015-06-14 01:30:00,2.3331684658069665,14.530331293741668,98.52328999837266,0.0,1.860279083251967
2015-06-14 01:45:00,2.0223801508776336,14.689587275187,97.201675415039,0.0,2.360699733098367
2015-06-14 02:00:00,1.6074605397024,14.545801162719668,97.943639119466,0.0,2.6288106441497665
2015-06-14 02:15:00,1.4242105486574,14.485874176025334,98.09688568115234,0.0,2.6811459064483665
2015-06-14 02:30:00,1.3978056478222334,14.433536529541,98.51355997721366,0.0,2.5262087980906336
2015-06-14 02:45:00,1.236568044991167,14.412042617797669,98.780975341797,0.0,2.5919581254323667
2015-06-14 03:00:00,1.3970534366034,14.308710098266666,99.026705423991,0.0,2.585822264353433
2015-06-14 03:15:00,1.9200142131675,14.154802640279334,99.38960266113266,0.0,2.6131325562795
2015-06-14 03:30:00,2.4650672040818336,14.106958071390666,99.644104003906,0.0,2.4660611152649
2015-06-14 03:45:00,2.705166561335867,14.095017115275333,99.75692240397132,0.0,2.537022272745733
2015-06-14 04:00:00,1.8503599046500667,14.061299959818331,99.74431355794268,0.0,2.704105854034433
2015-06-14 04:15:00,1.8598391258774,13.951774597168,99.65298970540368,0.0,2.9771908124287663
2015-06-14 04:30:00,1.0556768765365467,13.836593945821,99.77530670166,0.0,2.5799560546875
2015-06-14 04:45:00,0.8736888713615732,13.787220954895332,99.84991963704432,0.0,2.6127339204152333
2015-06-14 05:00:00,0.8353694340200466,13.730759938558,99.87047322591133,0.0,2.5319607257843
2015-06-14 05:15:00,0.94316741226371,13.601881027221664,99.936149597168,0.0,2.742026329040533
2015-06-14 05:30:00,1.0945509907309166,13.35981909434,99.99904632568366,0.0,3.1825970808665
2015-06-14 05:45:00,1.1078262140628663,13.075489997863665,99.999610900879,0.0,3.254029830296833
2015-06-14 06:00:00,1.3319912281237,12.833884239196664,100.0,0.0,3.1549011071523
2015-06-14 06:15:00,0.6946285383011501,12.571302096049,99.99578348795568,0.0,3.370478630065933
2015-06-14 06:30:00,0.7019099579110133,12.067866961161,100.0,0.0,3.5120630264282333
2015-06-14 06:45:00,0.96379787672089,11.825778961181667,100.0,0.0,2.9809892972310337
2015-06-14 07:00:00,0.9501232136462666,11.499297459920331,100.0,0.0,3.838843107223533
2015-06-14 07:15:00,0.8488666517176634,11.285574913025,100.0,0.0,8.0669037501018
2015-06-14 07:30:00,1.08193521605573,11.002858161926332,100.0,0.0,29.355008443196667
2015-06-14 07:45:00,1.1196782539453334,11.370748837788668,100.0,0.0,59.54001617431633
2015-06-14 08:00:00,1.0376685328796933,11.892882029215665,100.0,0.0,83.60447184244799
2015-06-14 08:15:00,1.11356607971921,12.529212633768667,100.0,0.0,110.49931844075668
2015-06-14 08:30:00,2.1631485530583,12.921018600464,100.0,0.0,132.51166025797667
2015-06-14 08:45:00,2.2947426892789333,13.321858406067,100.0,0.0,122.72835032145332
2015-06-14 09:00:00,2.3346080295089,13.485292752583668,100.0,0.0,164.09712727864667
2015-06-14 09:15:00,1.8582975719238668,13.631339073181,100.0,0.0,208.6056467692067
2015-06-14 09:30:00,2.074916080024067,13.773804664612,100.0,0.0,226.52272542317667
2015-06-14 09:45:00,1.9726824647312,14.087725003560337,100.0,0.0,189.31048583984327
2015-06-14 10:00:00,1.1196078541808132,14.599506060282332,100.0,0.0,213.47518920898327
2015-06-14 10:15:00,1.2303852502424,14.971771240234332,98.90832773844402,0.0,371.70116170247337
2015-06-14 10:30:00,0.96976125997401,15.933647155761667,89.88902537027967,0.0,474.39404296875
2015-06-14 10:45:00,0.9403126124046668,16.88385391235333,81.957015991211,0.0,533.44523111979
2015-06-14 11:00:00,0.9975621689340134,17.288698196411,78.19859059651701,0.0,619.0244954427067
2015-06-14 11:15:00,1.1809319654108668,17.983947118123666,75.13017527262367,0.0,626.7519327799467
2015-06-14 11:30:00,1.3623619823611337,18.175588607788,73.93056233723966,0.0,705.8628743489567
2015-06-14 11:45:00,1.8054402189544327,18.972356160481667,70.441210428874,0.0,713.2970377604166
2015-06-14 12:00:00,1.3657104636044466,19.010068257649667,69.53862508138,0.0,711.86531575521
2015-06-14 12:15:00,1.5899793664366333,19.899673461913668,64.459685007731,0.0,698.9063924153667
2015-06-14 12:30:00,1.3557153085743667,20.549084345499665,60.71524047851566,0.0,673.2038981119766
2015-06-14 12:45:00,1.5204309335136337,20.566157023112,59.572634379069,0.0,691.7521972656267
2015-06-14 13:00:00,1.8386826831229663,20.839555104573662,58.691961924235,0.0,682.3330281575533
2015-06-14 13:15:00,1.5749433542620332,21.227485656738665,56.629318237304666,0.0,626.2498982747434
2015-06-14 13:30:00,2.193721256824167,21.960159937540336,54.133009592692,0.0,672.20088704427
2015-06-14 13:45:00,2.430064900330533,22.589413324992,50.95484670003267,0.0,644.59893798828
2015-06-14 14:00:00,2.586214536234233,22.155534744262667,51.16596221923834,0.0,614.6945597330733
2015-06-14 14:15:00,1.2894518889351,22.545691808064664,49.78020350138333,0.0,579.28592936198
2015-06-14 14:30:00,1.7562473624772998,22.704118728638,47.63834762573234,0.0,552.38289388021
2015-06-14 14:45:00,1.3944916931489333,22.75321070353233,46.74644597371434,0.0,510.58972167969
2015-06-14 15:00:00,1.1403877939612002,22.980454762776663,44.79733403523767,0.0,494.4486083984367
2015-06-14 15:15:00,1.98307001732,23.024101893107,45.989051818848,0.0,482.52945963542
2015-06-14 15:30:00,1.8890524452905664,23.430699666341,45.04077784220366,0.0,451.99532063802
2015-06-14 15:45:00,1.7110481970014668,23.09906323750833,45.644406636556,0.0,360.5075378417967
2015-06-14 16:00:00,1.6038926911150666,22.896827061971,45.531074523926,0.0,333.05405680338333
2015-06-14 16:15:00,1.7642502416998669,23.105209986368664,43.94077555338533,0.0,298.72611490885333
2015-06-14 16:30:00,1.3325896592359332,23.02460670471167,43.93881479899067,0.0,231.5094655354833
2015-06-14 16:45:00,1.2507634102439666,22.72277959187833,44.03999201456733,0.0,171.67234802246332
2015-06-14 17:00:00,1.2553605656427,21.963596343994336,45.822711944580334,0.0,107.98257954915368
2015-06-14 17:15:00,1.2423304942032332,21.332499821980665,48.054028828939,0.0,36.36693064371767
2015-06-14 17:30:00,0.9173038765667366,20.658015569051333,50.54946390787766,0.0,22.21782430013
2015-06-14 17:45:00,0.6815147553825366,19.560412724812664,55.22563044230134,0.0,13.748158454895
2015-06-14 18:00:00,0.6985332417041467,18.27805074056,62.27748743693033,0.0,8.239563306172666
2015-06-14 18:15:00,0.7030615647209467,17.20033073425267,67.44756571451832,0.0,5.386221726735433
2015-06-14 18:30:00,1.4462455645786667,16.490065256754665,71.14966837565133,0.0,4.2221541404724
2015-06-14 18:45:00,1.4290820622479332,16.058924674987665,75.23885091145833,0.0,3.9433250427246
2015-06-14 19:00:00,2.3335872439610337,15.620439211527334,79.17973581949867,0.0,2.8310364882151
2015-06-14 19:15:00,1.6404590661481002,16.797617594400666,73.33495839436867,0.0,1.5237639347712335
2015-06-14 19:30:00,1.2500348201440332,17.12245178222633,71.556666056315,0.0,1.7875469923019331
2015-06-14 19:45:00,1.272842953078133,16.524463653564336,74.495895385742,0.0,3.2849875291188666
2015-06-14 20:00:00,1.09332975680987,16.006068547566667,77.032925923665,0.0,3.296531279881767
2015-06-14 20:15:00,1.7184169705995,16.028141657511334,77.408655802409,0.0,2.2429733276367334
2015-06-14 20:30:00,1.2377645540027666,16.065075556436998,77.48473103841134,0.0,2.554283539454133
2015-06-14 20:45:00,0.95526703237804,15.543606758118,79.74145762125634,0.0,3.5239479541778334
2015-06-14 21:00:00,0.77564193381866,14.619228045145666,83.76780954996767,0.0,4.026941617329933
2015-06-14 21:15:00,0.7467771362877699,13.985919634501334,87.18592325846333,0.0,3.720356146494533
2015-06-14 21:30:00,0.7154874653369601,13.635109901428336,88.48709869384766,0.0,3.567769289016733
2015-06-14 21:45:00,0.6898219496738133,13.248017628987332,91.54626973470032,0.0,2.9237948258717665
2015-06-14 22:00:00,0.5713360663808967,13.13347752889,92.960777282715,0.0,2.808047135671
2015-06-14 22:15:00,0.6638170184008266,12.753458340962666,93.91866048177066,0.0,3.0607125759124667
2015-06-14 22:30:00,0.99376462152258,12.439067522684669,96.87698872884134,0.0,2.763291915257766
2015-06-14 22:45:00,0.94668607594189,12.408959706624,98.33439127604169,0.0,2.6565192540487
2015-06-14 23:00:00,0.7325043842759099,12.267693201700666,98.56498972574866,0.0,2.6549612681071
2015-06-14 23:15:00,1.0228619104677834,12.088402112325,98.69771575927732,0.0,2.8660403887430665
2015-06-14 23:30:00,1.4217317440287,11.947158177693666,99.09042104085268,0.0,2.738814353942866
2015-06-14 23:45:00,1.2910205519857334,11.844245910644666,99.148338317871,0.0,2.868384202321367
2015-06-15 00:00:00,0.9725447328844332,11.353133519490331,99.01266733805332,0.0,3.217538913091033
2015-06-15 00:15:00,0.6900981401580166,11.263439496358332,99.57387797037768,0.0,2.6499492327372334
2015-06-15 00:30:00,0.5585245013288667,11.134911537170334,99.63316345214866,0.0,2.8173739910125666
2015-06-15 00:45:00,0.50193411750857,10.897716522216667,99.581517537435,0.0,2.7848563194275
2015-06-15 01:00:00,0.5153827132302133,10.733402570088332,99.78587595621734,0.0,2.5971835454305
2015-06-15 01:15:00,0.7320985646235133,10.858630180359333,100.0,0.0,2.4147876103719
2015-06-15 01:30:00,0.6247528976923634,10.711643854777,100.0,0.0,2.791571378707866
2015-06-15 01:45:00,0.5209682248089333,10.594802538554,100.0,0.0,2.6810285250346
2015-06-15 02:00:00,0.5132993746980833,10.337547938029,99.99977366129566,0.0,3.055876970291133
2015-06-15 02:15:00,0.6820442768476034,10.191929817199666,99.993392944336,0.0,2.4719762802124
2015-06-15 02:30:00,0.7695800482923166,10.331779797872,100.0,0.0,2.5410775343577
2015-06-15 02:45:00,0.8248674624975534,10.749981244405332,100.0,0.0,1.4852826595306332
2015-06-15 03:00:00,0.7277665397272101,11.189735094706334,100.0,0.0,1.4923253059387331
2015-06-15 03:15:00,0.8187434335603699,11.798937479655,100.0,0.0,1.5127670764923
2015-06-15 03:30:00,0.8497735702271466,12.368035634358668,100.0,0.0,1.6672856807708667
2015-06-15 03:45:00,0.94600810567889,12.758955001831334,100.0,0.0,1.8285879294077327
2015-06-15 04:00:00,1.3848874786739664,13.290322621663334,100.0,0.0,1.7755577961604
2015-06-15 04:15:00,1.6143889008506334,13.490084012349334,100.0,0.0,1.9480589628219669
2015-06-15 04:30:00,1.4308405772819333,13.731065432230332,100.0,0.0,1.9951119025548327
2015-06-15 04:45:00,0.4636322083617867,13.871787389119334,100.0,0.0,2.2319177786509337
2015-06-15 05:00:00,0.8846159126445468,13.991267840067666,100.0,0.0,2.1914303302765
2015-06-15 05:15:00,1.5384471361596,14.147393862406332,100.0,0.0,2.0945618152618333
2015-06-15 05:30:00,1.6213937767633,14.343945821126333,100.0,0.0,2.1857520739237333
2015-06-15 05:45:00,1.4299919389162,14.400058110555,99.97673797607432,0.0,2.4100646177927665
2015-06-15 06:00:00,1.1738849688488333,14.46289285024,99.78012084960966,0.0,2.4363101323445666
2015-06-15 06:15:00,1.5499091626710666,14.551154136657669,99.56164805094402,0.0,2.3240085442860665
2015-06-15 06:30:00,1.3569756608343002,14.648493766784668,99.20145670572934,0.0,2.3979054292043
2015-06-15 06:45:00,1.5086619207601668,14.739268620809,98.68583933512366,0.0,2.4158714612325
2015-06-15 07:00:00,1.4228018469406667,14.812064170837669,98.09178415934234,0.0,3.1638332207997664
2015-06-15 07:15:00,1.5534988663123668,14.833437283833666,97.10443369547534,0.0,5.316218217213933
2015-06-15 07:30:00,1.3424817422997,14.862710634867334,96.29023488362668,0.0,9.777520815531366
2015-06-15 07:45:00,1.7645858823458334,14.900780042012334,95.058832804362,0.0,15.105290095011332
2015-06-15 08:00:00,1.796234340431533,14.902458508809332,93.81271870931,0.0,14.030937512715669
2015-06-15 08:15:00,1.4954748902972668,14.940915107727,93.38067881266268,0.0,9.176650683085231
2015-06-15 08:30:00,1.8390949268366663,14.954874992370334,93.25350697835268,0.0,32.37543805440234
2015-06-15 08:45:00,2.3014090105384333,15.170087496439669,91.795873006185,0.0,57.30952072143534
2015-06-15 09:00:00,2.4197900668379333,15.498059908549,90.058334350586,0.0,95.59785207112468
2015-06-15 09:15:00,2.2696793576161336,15.975653330484995,86.63024393717467,0.0,144.41748555501331
2015-06-15 09:30:00,1.4564086944624666,16.306012471516997,84.330955505371,0.0,192.4115193684933
2015-06-15 09:45:00,1.3779032215697,16.655940373739,81.94203186035166,0.0,219.73256429036667
2015-06-15 10:00:00,1.3856026908318,17.278595606486,78.74565633138035,0.0,339.9794921875033
2015-06-15 10:15:00,1.4092552235757667,17.721299489339334,76.22370910644533,0.0,296.87236531575667
2015-06-15 10:30:00,1.6153564836915333,18.057659149170004,74.78122202555333,0.0,505.80239868164335
2015-06-15 10:45:00,1.5881704743995666,19.027925491333,70.444414774577,0.0,598.7876383463566
2015-06-15 11:00:00,1.6459873792978663,19.634140650431,68.267125447591,0.0,595.5614624023466
2015-06-15 11:15:00,1.7142408892393,20.228862762451,65.67820485432934,0.0,634.7613728841134
2015-06-15 11:30:00,1.5839373491411,20.721535364787,63.815917968750334,0.0,646.8228556315099
2015-06-15 11:45:00,1.0673061273241,21.37438138326033,60.881502787272005,0.0,694.1828816731767
2015-06-15 12:00:00,1.5202790077753,21.781367619832,59.39308929443367,0.0,687.72725423177
2015-06-15 12:15:00,1.843590533500033,22.559014638265,56.10663986206034,0.0,692.21525065104
2015-06-15 12:30:00,1.8775932886346,22.68384106953933,55.52175649007166,0.0,692.8209838867166
2015-06-15 12:45:00,2.0550249345115,23.083882013956668,53.605997721354335,0.0,693.4231160481767
2015-06-15 13:00:00,2.2090822691033667,23.70674387613933,50.46750386555967,0.0,720.0901896158833
2015-06-15 13:15:00,2.140562480717333,24.308186213175663,47.60528055826833,0.0,756.3410034179666
2015-06-15 13:30:00,1.6930784639398333,24.654588699340668,43.575119018554666,0.0,589.1092834472666
2015-06-15 13:45:00,2.1426277612352,24.957406997681,40.04621632893867,0.0,759.7640991210966
2015-06-15 14:00:00,3.7119527771861,24.823509852091664,36.72214508056633,0.0,696.4053751627566
2015-06-15 14:15:00,3.530550796517067,24.79892285664867,31.999628067017,0.0,637.4822998046867
2015-06-15 14:30:00,2.3796278510879,25.129156112670668,33.951152801513665,0.0,590.9893595377633
2015-06-15 14:45:00,2.602382198684667,25.172665278116668,33.121367136637666,0.0,553.56903076172
2015-06-15 15:00:00,2.5134190604241664,25.00910886128733,31.831602732340667,0.0,536.2137756347666
2015-06-15 15:15:00,2.183603779719667,24.92820103963233,31.63526217142733,0.0,475.88512166341
2015-06-15 15:30:00,1.7024888307094663,25.25932312011733,29.52034759521467,0.0,440.6472371419266
2015-06-15 15:45:00,1.3724765896101,25.268627166748,28.759754816691,0.0,415.14273071289
2015-06-15 16:00:00,1.9978624008331003,24.82001558939633,30.000644683838,0.0,337.23238118489667
2015-06-15 16:15:00,1.751404150077833,24.77142906189,29.702288309733333,0.0,310.99518839518004
2015-06-15 16:30:00,1.7094230198720333,24.681863784789662,28.885648727416665,0.0,245.39144897460665
2015-06-15 16:45:00,1.9108176947889,24.277355829874665,30.186644236247,0.0,184.34940083821667
2015-06-15 17:00:00,1.7463154988003,23.454912821452,33.02840487162266,0.0,113.46201833089032
2015-06-15 17:15:00,1.7291223707297665,22.44185829162633,42.94936370849633,0.0,37.868808110555
2015-06-15 17:30:00,1.6312677576612,21.57597414652533,46.751084645589,0.0,21.279270807902
2015-06-15 17:45:00,1.2064282478990334,20.722042719523,49.62168375651033,0.0,13.482780456543
2015-06-15 18:00:00,0.90453538142395,19.619423548380336,54.32101313273133,0.0,7.582124869028733
2015-06-15 18:15:00,0.9908470380541566,18.673658370971665,57.91860961914066,0.0,4.7293979326884
2015-06-15 18:30:00,1.0007959663338768,17.749094009399666,62.89215469360367,0.0,4.6375829378764
2015-06-15 18:45:00,1.2957714433393333,16.827365875244,66.73315175374367,0.0,4.2244294484456
2015-06-15 19:00:00,1.5101736282157667,16.279278437296668,70.31608072916667,0.0,3.9722245534261
2015-06-15 19:15:00,1.9405821147734328,15.677063941955666,73.04826863606768,0.0,3.7576665878296
2015-06-15 19:30:00,1.4551767316967832,15.127322196960334,75.74085744221966,0.0,3.2779702345530333
2015-06-15 19:45:00,0.4882787818073433,14.900168100992667,76.685203552246,0.0,3.060582240422567
2015-06-15 20:00:00,0.5663320868803666,14.562680880228667,78.49299367268867,0.0,3.1770704587300664
2015-06-15 20:15:00,1.1348738742408866,14.374590237935331,78.769734700521,0.0,2.7255587577819664
2015-06-15 20:30:00,1.5302631911268332,14.981317520141667,76.577224731445,0.0,1.5905719995498666
2015-06-15 20:45:00,1.0247427917278469,15.558423360189002,74.86557006835933,0.0,2.144878506660433
2015-06-15 21:00:00,0.6466585714309999,15.047993659973336,78.30846150716133,0.0,3.4340315659841
2015-06-15 21:15:00,0.7435554695466365,14.685798962911,80.6513671875,0.0,2.8286310831706003
2015-06-15 21:30:00,0.5450446352194966,14.337884902954,82.88646189371734,0.0,3.007754723231033
2015-06-15 21:45:00,0.8099898221983933,13.974602381388332,85.06663258870466,0.0,2.9173785845438664
2015-06-15 22:00:00,0.7937326864817934,13.716454188029,87.339897155762,0.0,2.9350491364796665
2015-06-15 22:15:00,0.7740396272304967,13.431348482767666,88.60370890299465,0.0,2.8761378129323667
2015-06-15 22:30:00,0.8702514687474566,13.124067306518333,89.66698964436834,0.0,2.830884615580233
2015-06-15 22:45:00,1.12967577108735,12.933997472127333,91.41926574707033,0.0,2.388950665791833
2015-06-15 23:00:00,1.1763140145972668,13.046879132588666,94.53662872314436,0.0,2.0223551988602
2015-06-15 23:15:00,1.2309622015896,13.022864341735668,94.80302174886069,0.0,2.597312053044633
2015-06-15 23:30:00,1.1711168386278334,12.758446693420334,95.76841990153,0.0,2.961120446523033
2015-06-15 23:45:00,1.4500265330553,12.829442342122334,98.254643758138,0.0,2.2326765855153337
2015-06-16 00:00:00,1.2948149425560669,12.822223345438667,98.65074920654268,0.0,2.1549195448557668
2015-06-16 00:15:00,1.5314623933874667,12.870204925537,98.87859853108732,0.0,2.1799366474151665
2015-06-16 00:30:00,0.88267233607833,12.928915659586666,99.17572530110664,0.0,2.236010154088333
2015-06-16 00:45:00,0.9584014665479632,13.012698173523,99.00863647460967,0.0,2.5050350824992003
2015-06-16 01:00:00,1.0890818738710966,13.279849052429,99.17465209960932,0.0,2.2179561853408667
2015-06-16 01:15:00,0.8842162521437033,13.371727943420334,98.764503479004,0.0,2.467466672261567
2015-06-16 01:30:00,0.8103429248116832,13.154445012410331,98.643903096517,0.0,2.959640582402533
2015-06-16 01:45:00,0.9985981867922168,13.011987686157,98.94290415445968,0.0,2.622460206349733
2015-06-16 02:00:00,0.74473241938877,12.860235850016332,99.177396138509,0.0,3.0531841913859004
2015-06-16 02:15:00,0.9603057702446132,12.611242294311666,99.18921661376966,0.0,2.7780508200327336
2015-06-16 02:30:00,0.9242028768849266,12.226237297058,99.32289123535168,0.0,2.761069536209133
2015-06-16 02:45:00,1.3837658508167332,12.376618703206669,99.89419555664068,0.0,1.8782722949981665
2015-06-16 03:00:00,1.1728289061533337,12.664270083109663,99.98959859212232,0.0,2.3962771097819
2015-06-16 03:15:00,1.0133047395482069,12.52863407135,99.86947123209632,0.0,3.030210812886567
2015-06-16 03:30:00,1.4135023669748332,12.214314460754332,99.768508911133,0.0,3.0847516059875333
2015-06-16 03:45:00,1.4730098817094,12.193611145019666,99.99999745686834,0.0,2.624696095784533
2015-06-16 04:00:00,1.4335787727019005,12.132371902465666,100.0,0.0,2.455078204472867
2015-06-16 04:15:00,1.559608214834567,12.348113059997669,100.0,0.0,2.0846048593521
2015-06-16 04:30:00,1.6269314500573666,12.261817932129,100.0,0.0,2.6829648017883336
2015-06-16 04:45:00,1.8354907414627,12.211239496867,100.0,0.0,2.3829233646392667
2015-06-16 05:00:00,2.2719582878427667,12.209201812744,100.0,0.0,2.425063212712633
2015-06-16 05:15:00,1.4744706381909,12.341246604919666,100.0,0.0,2.2845206260681
2015-06-16 05:30:00,1.2139030295464,12.320316632589,100.0,0.0,2.6222399075826
2015-06-16 05:45:00,1.0955114651603732,12.202217419942,100.0,0.0,2.457337141037
2015-06-16 06:00:00,1.4981927318185333,12.186719258626,100.0,0.0,2.6754904588063666
2015-06-16 06:15:00,1.0994876500426831,12.228309949239332,100.0,0.0,2.445978562037133
2015-06-16 06:30:00,1.3624398216743334,12.290980974833332,100.0,0.0,2.0884950955708668
2015-06-16 06:45:00,1.13329827938525,12.412088712056669,100.0,0.0,2.4446455637614
2015-06-16 07:00:00,1.5248003106839,12.485171953837002,100.0,0.0,3.4005026022593
2015-06-16 07:15:00,0.8492502851789899,12.609667460123667,100.0,0.0,4.822620391845667
2015-06-16 07:30:00,0.90940616651265,12.694863001505334,100.0,0.0,13.078519503275436
2015-06-16 07:45:00,0.89785769112127,13.017389297485332,100.0,0.0,20.736792882283662
2015-06-16 08:00:00,0.7961609375009567,13.163315137227334,100.0,0.0,35.08445549011233
2015-06-16 08:15:00,0.9681763712015032,13.581943829854334,100.0,0.0,85.426078796387
2015-06-16 08:30:00,0.9744855941257532,14.089247703552331,100.0,0.0,98.054405212403
2015-06-16 08:45:00,1.2424207621986334,14.647794723510666,100.0,0.0,255.05253092448
2015-06-16 09:00:00,1.9290226897792664,15.355315844217666,94.183931986491,0.0,307.9152984619167
2015-06-16 09:15:00,2.2682884931554668,16.456884384155334,85.323964436849,0.0,360.4336395263667
2015-06-16 09:30:00,1.9847908710187327,17.042780558268333,80.520098368327,0.0,423.97989908854
2015-06-16 09:45:00,2.070788609601967,17.769188563029,76.78824615478533,0.0,440.0097045898433
2015-06-16 10:00:00,1.4739647930342468,18.81013170878067,72.24253336588534,0.0,483.99639892578335
2015-06-16 10:15:00,1.5746172062152333,19.384653091430668,68.04705556233733,0.0,524.5020548502566
2015-06-16 10:30:00,1.6916712854541,19.831419626871664,65.46175638834667,0.0,556.3451538085966
2015-06-16 10:45:00,1.5172515750662334,20.644133885701667,62.40598169962567,0.0,581.3557739257834
2015-06-16 11:00:00,1.6946665757808663,21.66033299764,57.05249277750633,0.0,603.7686971028634
2015-06-16 11:15:00,1.7075932882684333,22.334210713704664,53.45236460367867,0.0,627.0427449544267
2015-06-16 11:30:00,1.7999436508223334,23.22428894042967,48.271685282389335,0.0,654.33762613932
2015-06-16 11:45:00,2.3628623314962334,23.21993764241533,47.09172693888333,0.0,682.43479410807
2015-06-16 12:00:00,1.8326936036246333,23.524645487467662,47.56370671590133,0.0,720.7741495768233
2015-06-16 12:15:00,1.5113247052062333,24.025959650675663,45.73649724324567,0.0,846.5460001627599
2015-06-16 12:30:00,4.0287984300245006,22.839082082112668,51.087766011556,0.0,403.67694854736334
2015-06-16 12:45:00,3.530809878246933,18.582846323649,75.99501037597666,0.0,78.93697992960766
2015-06-16 13:00:00,1.3695365329650333,16.771062850952003,93.72542317708331,0.0,43.13624318440767
2015-06-16 13:15:00,1.7620616898476331,16.817853927612333,97.27864074707033,0.0,49.133459726969335
2015-06-16 13:30:00,1.9837364860849327,16.954713185628332,97.66319274902332,0.0,172.9179153442367
2015-06-16 13:45:00,1.7739837321300334,17.55482673645,97.09331512451166,0.0,239.8014119466133
2015-06-16 14:00:00,1.5810321722790333,17.84880510965967,93.60961659749334,0.0,263.3852030436167
2015-06-16 14:15:00,1.5008643907410333,18.419139862060664,84.053067525228,0.0,523.8232625325533
2015-06-16 14:30:00,2.4627608115450665,19.125696818033667,79.038711547852,0.0,395.60684204101335
2015-06-16 14:45:00,2.8935567727553333,19.84065246582,74.89246877034499,0.0,503.50369262695335
2015-06-16 15:00:00,2.312363867344533,20.24076271057133,68.66657257080067,0.0,227.01859029134
2015-06-16 15:15:00,2.5880667410145,19.770824432373,66.48315684000634,0.0,98.68874359130967
2015-06-16 15:30:00,3.293928467959733,19.491941452026666,63.90697479248067,0.0,93.14670817057367
2015-06-16 15:45:00,3.1531746799665665,19.292688369751,63.06295903523767,0.0,101.483848571777
2015-06-16 16:00:00,3.720130717597967,18.997813542684,61.11040496826166,0.0,75.11599349975567
2015-06-16 16:15:00,2.9815335637347,19.404252370198662,59.50681177775067,0.0,272.35030110677
2015-06-16 16:30:00,3.486724569942467,19.76150449117033,56.946718851725336,0.0,223.19159444173
2015-06-16 16:45:00,3.4966849997202663,19.42391395568833,56.642138163249,0.0,170.54996744791666
2015-06-16 17:00:00,3.4929276965141667,18.943913141886668,55.36225128173834,0.0,108.87095896402832
2015-06-16 17:15:00,3.1566834978326,18.421135584513333,53.75827407836933,0.0,33.95940272013333
2015-06-16 17:30:00,2.661653899595233,17.884561538696,54.16849517822266,0.0,20.34770647684733
2015-06-16 17:45:00,2.1714882208690667,17.360626220703,55.61491012573233,0.0,11.718036015828533
2015-06-16 18:00:00,2.2911303358545334,16.879028320312333,57.009905497233,0.0,6.061464786529567
2015-06-16 18:15:00,1.5399304099693332,16.392890930175668,57.80779139200833,0.0,4.320732116699233
2015-06-16 18:30:00,1.1232102072623666,15.514458338419669,62.33134969075533,0.0,4.414327144622766
2015-06-16 18:45:00,1.2097952949002666,14.298054377238,66.43369038899733,0.0,4.3577340443929
2015-06-16 19:00:00,0.89440320182864,13.630936622619666,73.323415120443,0.0,4.267454942067467
2015-06-16 19:15:00,1.4014276925281,12.881798426310333,76.77461242675766,0.0,3.776260773340867
2015-06-16 19:30:00,1.3499731249577334,12.328573862711666,78.816370646159,0.0,3.689300775527967
2015-06-16 19:45:00,1.3607910234260334,11.978838920593,80.85817972819034,0.0,3.424277464548767
2015-06-16 20:00:00,1.0059935838195366,11.437997817993336,81.25504302978534,0.0,3.4628702799479
2015-06-16 20:15:00,0.4926318008008799,11.209507942199666,83.64593760172534,0.0,3.2240251700083333
2015-06-16 20:30:00,0.5115535422180467,11.020899454752666,85.41339365641267,0.0,3.2303237915038667
2015-06-16 20:45:00,0.5248790542497633,10.893948554992669,84.78693135579401,0.0,2.8542753060658668
2015-06-16 21:00:00,0.4925978592398967,10.432997067769334,87.34951782226567,0.0,3.205918868382766
2015-06-16 21:15:00,0.5950326293319067,10.249942461649333,89.30229187011734,0.0,2.873511234919233
2015-06-16 21:30:00,0.7395212252786966,10.135244687398334,90.06864674886067,0.0,2.8353509902954
2015-06-16 21:45:00,0.8750486972305,10.118316650390334,91.79581197102868,0.0,2.2340375582377
2015-06-16 22:00:00,1.1199071580401965,10.134833653768,91.031000773112,0.0,2.574517409006767
2015-06-16 22:15:00,0.92029216886108,10.075586318969668,90.70565287272132,0.0,2.7046476999918334
2015-06-16 22:30:00,1.1333567802871,9.9996976852416,89.92102305094402,0.0,2.5833985805511333
2015-06-16 22:45:00,0.8853666227081733,9.8886178334554,89.695360819499,0.0,2.9861063957214
2015-06-16 23:00:00,0.9713369431328668,9.522475878397634,91.895716349284,0.0,3.0913226604461665
2015-06-16 23:15:00,0.9856439016154732,9.142385164896632,94.03481038411434,0.0,3.1370381514231336
2015-06-16 23:30:00,0.73111987764915,8.735992113749168,96.703727722168,0.0,3.289412180582667
2015-06-16 23:45:00,1.10031021687445,8.600096702575668,98.164520263672,0.0,3.085483551025367
2015-06-17 00:00:00,1.4025711754392,8.490996042887367,98.73374938964832,0.0,2.5442592302958333
2015-06-17 00:15:00,1.4200452844451334,8.382486979166666,99.02802276611332,0.0,2.6039165655772
2015-06-17 00:30:00,1.1907477544682734,8.147465705871566,99.04707336425766,0.0,2.9170600573221663
2015-06-17 00:45:00,0.6092978755676733,8.088849067688,99.43590037028,0.0,2.7008039156596
2015-06-17 01:00:00,0.6839355889288568,8.086103757222501,99.611551920573,0.0,2.8233559926351
2015-06-17 01:15:00,0.8675726351860367,7.8677094777425,99.57135518391932,0.0,2.9341158072154
2015-06-17 01:30:00,0.75648549340598,7.931733926137267,99.95667521158867,0.0,2.3161396980285667
2015-06-17 01:45:00,0.8075606219193133,7.932395617167167,99.971295674642,0.0,2.531134525934833
2015-06-17 02:00:00,0.68112271103684,7.867629369099934,99.999506632487,0.0,2.7086339791616
2015-06-17 02:15:00,0.7110118593592634,7.592388947804767,99.92303721110068,0.0,2.894703229268367
2015-06-17 02:30:00,0.8563879029493301,7.672747135162333,100.0,0.0,2.4323419729868667
2015-06-17 02:45:00,0.9574731345008332,7.8603040377299,100.0,0.0,2.417466640472433
2015-06-17 03:00:00,0.7095597786718967,7.332156817118334,99.91009267171232,0.0,3.4042917092641
2015-06-17 03:15:00,0.8274225832083867,7.268677711486799,100.0,0.0,2.9361980756124004
2015-06-17 03:30:00,1.3511707377599,7.447646458943701,100.0,0.0,2.1004195213318
2015-06-17 03:45:00,1.2746965486345,7.403657754262267,100.0,0.0,2.9811258316040337
2015-06-17 04:00:00,1.3636745659923666,7.118760267893499,100.0,0.0,3.2042212486267334
2015-06-17 04:15:00,1.4109703596391665,6.907922426859533,100.0,0.0,2.671481053034467
2015-06-17 04:30:00,1.7793201623217667,6.6158356666565,100.0,0.0,3.0647180080414
2015-06-17 04:45:00,1.6606417889859,6.6035497983296665,100.0,0.0,2.730410973231
2015-06-17 05:00:00,0.96271198960339,6.732266267140699,100.0,0.0,2.2795322338740003
2015-06-17 05:15:00,0.53430683883508,6.813988208770733,100.0,0.0,2.6436955134074
2015-06-17 05:30:00,0.61323689582046,6.729965051015234,100.0,0.0,3.0648136138916
2015-06-17 05:45:00,0.7428385133996033,6.772397518157966,100.0,0.0,2.4189287821452
2015-06-17 06:00:00,0.72304540656821,6.640241305033367,100.0,0.0,2.7593347231547334
2015-06-17 06:15:00,0.6958282262296699,6.495510896046967,100.0,0.0,2.904917160669967
2015-06-17 06:30:00,0.7841393995337467,6.393385251363132,100.0,0.0,2.8521138827006336
2015-06-17 06:45:00,0.5118596675033567,6.205750306447366,100.0,0.0,3.2513318061828667
2015-06-17 07:00:00,0.6523945517444633,5.925021489461266,100.0,0.0,4.128303448359167
2015-06-17 07:15:00,0.85957876289479,6.135026454925566,100.0,0.0,8.3690077463785
2015-06-17 07:30:00,0.9448355489233466,6.262816588083901,100.0,0.0,39.06668408711733
2015-06-17 07:45:00,1.0307472801429367,6.953173955281566,100.0,0.20000000298023,50.22116216023767
2015-06-17 08:00:00,0.8970978195956599,8.092135111490867,100.0,0.0,72.89722188313966
2015-06-17 08:15:00,0.7781993945655833,9.980809847513768,100.0,0.0,139.40708923339665
2015-06-17 08:30:00,1.3402294355024,10.595365206400333,100.0,0.0,228.5343170166
2015-06-17 08:45:00,1.5081247721020663,11.296706199646,93.689931233724,0.0,377.56993611654
2015-06-17 09:00:00,2.1069637570943667,11.920878092447666,83.078000386556,0.0,315.71477254231667
2015-06-17 09:15:00,2.051942753788633,12.282613118489666,79.708552042643,0.0,433.7335917154933
2015-06-17 09:30:00,1.4214697482916667,12.954992612203,76.55871836344433,0.0,429.24146525065
2015-06-17 09:45:00,1.548207250019067,13.658243179321332,74.19031778971333,0.0,454.70065307617
2015-06-17 10:00:00,1.9465786558962,14.344742139180331,70.52275339762367,0.0,517.88889567057
2015-06-17 10:15:00,2.3613114615501,14.887224833170668,68.664456685384,0.0,485.8285725911433
2015-06-17 10:30:00,2.8112913475589667,14.872265497843332,68.602444966634,0.0,427.10825602213663
2015-06-17 10:45:00,2.7794941426519,15.542908668518336,65.682647705078,0.0,559.5580240885433
2015-06-17 11:00:00,2.6891849096775,15.489861488342331,65.67448170979833,0.0,444.1097412109367
2015-06-17 11:15:00,2.941512589029967,16.316473007202333,62.62455495198534,0.0,616.0690307617166
2015-06-17 11:30:00,2.5350858076492666,16.685084660848002,60.43615086873367,0.0,640.7621663411467
2015-06-17 11:45:00,2.396680930206967,17.108576456705666,57.614194234212,0.0,708.4478149414067
2015-06-17 12:00:00,2.5263176924788,17.490458170572666,56.09006881713867,0.0,647.51466878255
2015-06-17 12:15:00,2.1521805832198666,18.01134745279933,54.581523895264006,0.0,760.6361490885433
2015-06-17 12:30:00,1.8855187259086,18.528324127197333,52.993127187093,0.0,786.2460530598934
2015-06-17 12:45:00,2.3120182925831667,18.678503672281668,51.563442230224666,0.0,682.25518798828
2015-06-17 13:00:00,2.7375692616151333,18.050257364909,53.73395792643233,0.0,555.8807169596333
2015-06-17 13:15:00,2.570759745905567,18.866280873616667,51.30805842081667,0.0,643.1377970377566
2015-06-17 13:30:00,2.2458421607046333,19.37890497843433,46.26458867390934,0.0,665.8010253906233
2015-06-17 13:45:00,3.1191690108248333,19.62553914388,44.354337056478,0.0,648.8276774088566
2015-06-17 14:00:00,3.162130351236033,19.902254104614,41.654057820638,0.0,625.33809407552
2015-06-17 14:15:00,2.9774924538892,20.28235689799,40.74694569905567,0.0,595.3878377278634
2015-06-17 14:30:00,3.038123583304067,19.798752466837666,40.47688039143867,0.0,566.9166870117166
2015-06-17 14:45:00,2.75628575317,19.816239039103333,38.988857269287,0.0,521.7347513834633
2015-06-17 15:00:00,2.4345719864161666,19.930014292399,38.113915761312,0.0,499.4482014973933
2015-06-17 15:15:00,2.9144645977147667,20.013039271037,37.75947570800767,0.0,470.8892720540367
2015-06-17 15:30:00,2.3193233553877,19.805955886841,38.005683898926,0.0,426.20181274414335
2015-06-17 15:45:00,2.4519796913795666,19.876719156901,38.515271504720005,0.0,384.52022298177
2015-06-17 16:00:00,2.4289229627262667,19.758582433064664,38.78398640950533,0.0,335.34583536784
2015-06-17 16:15:00,2.2909122709833665,19.756739934285665,38.218621571858336,0.0,283.61676025390665
2015-06-17 16:30:00,2.544187885704067,19.458101908366,37.775981903076335,0.0,229.95455932617
2015-06-17 16:45:00,2.083955948440533,19.145388285319,39.16262054443367,0.0,175.94760640462002
2015-06-17 17:00:00,2.2352257702484,18.769115447998,40.14517339070667,0.0,113.24356587727932
2015-06-17 17:15:00,1.9792305920931328,18.343156178792,41.16433461507167,0.0,35.91635767618833
2015-06-17 17:30:00,2.089967059599233,17.841815312703336,43.025549570719335,0.0,21.309316635131665
2015-06-17 17:45:00,1.8740121504084333,17.080526351928665,45.052079518636,0.0,13.089063008626333
2015-06-17 18:00:00,1.6322456719821667,16.313432693481335,47.39932505289733,0.0,7.266560872395867
2015-06-17 18:15:00,1.3853888203649332,15.531125386556,49.658874511718665,0.0,4.977131048838267
2015-06-17 18:30:00,1.2667833413604,14.238013585408334,55.68946075439433,0.0,5.197979927063
2015-06-17 18:45:00,1.8815545723438,13.443654060364,58.38600031534833,0.0,3.381540854771933
2015-06-17 19:00:00,1.7681826943985666,12.982120196024669,61.28545506795266,0.0,3.929627259572333
2015-06-17 19:15:00,1.6332917564106,12.164592107137,66.539047241211,0.0,4.218135039011633
2015-06-17 19:30:00,1.0551856676432263,11.761926968892332,67.981674194336,0.0,3.272093454996733
2015-06-17 19:45:00,0.68009079927969,11.299967765808,70.530726114909,0.0,3.5215220451355
2015-06-17 20:00:00,0.5027566401886966,10.803768157959,74.613182067871,0.0,3.7406522432963
2015-06-17 20:15:00,0.53691951118787,10.174059867859,77.723409016927,0.0,3.510250886281367
2015-06-17 20:30:00,0.8570560936276267,9.617282867431634,80.241035461426,0.0,3.289954185485833
2015-06-17 20:45:00,0.5889062713965566,10.033697128296168,78.77103424072267,0.0,2.648455301920533
2015-06-17 21:00:00,0.6474996598690367,9.6443106333415,80.87097676595033,0.0,3.180034081141167
2015-06-17 21:15:00,0.7408253317980734,9.113309542338069,82.72974904378232,0.0,3.2213385899861664
2015-06-17 21:30:00,1.00073282951149,8.863399823506667,84.29937998453767,0.0,3.207170963287333
2015-06-17 21:45:00,0.95725555529753,8.750571250915533,86.28510793050134,0.0,2.8049200375875
2015-06-17 22:00:00,0.5788337847969534,8.4577906926473,87.759760538737,0.0,3.085069259007766
2015-06-17 22:15:00,0.5328406406659266,8.391334851582833,88.578358968099,0.0,2.7775568167368667
2015-06-17 22:30:00,0.84935863326438,8.1083641052246,91.13179016113266,0.0,2.846986134847034
2015-06-17 22:45:00,1.2694553534959,8.1496073404948,92.04227701822934,0.0,2.3464195728302
2015-06-17 23:00:00,1.0917374947161669,8.275497436523432,90.11995951334632,0.0,2.6725239753723
2015-06-17 23:15:00,1.1091577828924,8.05872742335,90.390182495117,0.0,2.9642488161723004
2015-06-17 23:30:00,2.119016488184,7.5697038968404335,91.33635457356768,0.0,3.0348259607950667
2015-06-17 23:45:00,1.393232488831167,7.498044172922767,92.67399597167967,0.0,2.977934519449867
2015-06-18 00:00:00,1.0811936674540934,7.190055529276534,93.99410502115866,0.0,3.053762674331667
2015-06-18 00:15:00,0.48337781908361,6.9575023651123,95.620536804199,0.0,3.0575188000997
2015-06-18 00:30:00,0.8576913251185433,6.964491049448667,97.46661631266268,0.0,2.4514451821645
2015-06-18 00:45:00,1.0429518486676133,6.859036922454834,95.485725402832,0.0,2.8440272808075
2015-06-18 01:00:00,0.8044846444996168,6.7103476524353,96.26049041748034,0.0,2.6992275714874334
2015-06-18 01:15:00,0.6921216090879433,6.7754144668579,94.715960184733,0.0,2.929340839386
2015-06-18 01:30:00,0.7373553232096034,6.320268789927134,94.64158884684234,0.0,3.1884915033976333
2015-06-18 01:45:00,0.6823867389194967,5.9902958869934,97.33217366536434,0.0,3.3027488390605
2015-06-18 02:00:00,0.86649164889876,6.059023857116734,98.52820078531902,0.0,2.662761926651
2015-06-18 02:15:00,0.7797621633744233,5.700125694274933,97.93200683593732,0.0,3.0366507371266334
2015-06-18 02:30:00,0.8222899348375,5.5788548787435,99.100247701009,0.0,2.896251598993933
2015-06-18 02:45:00,0.76208372065242,5.4950655301412,99.40823872884134,0.0,2.6320191224416
2015-06-18 03:00:00,1.0170688421044367,5.256503105163567,99.598503112793,0.0,2.8891011873880665
2015-06-18 03:15:00,1.04551772029891,5.273737589518233,99.92679087320968,0.0,2.7915581067403
2015-06-18 03:30:00,0.9776808471577936,5.118985970815033,99.96965789794932,0.0,2.9209123452504664
2015-06-18 03:45:00,1.6223501009400667,4.9118135770162334,100.0,0.0,2.9753668308258
2015-06-18 04:00:00,1.5717456728906667,4.746915817260767,100.0,0.0,2.7589575449625667
2015-06-18 04:15:00,1.3337138037357132,4.841776688893634,100.0,0.0,2.4601947466532668
2015-06-18 04:30:00,0.8352150357907601,5.301596959431966,100.0,0.0,2.4215961297353004
2015-06-18 04:45:00,0.8845921369949966,5.204165935516367,100.0,0.0,2.920590877533
2015-06-18 05:00:00,0.7660682060400633,4.711256027221666,100.0,0.0,3.170390685399367
2015-06-18 05:15:00,0.8476670962440167,4.4278915723165,100.0,0.0,2.851802031199167
2015-06-18 05:30:00,0.7205686108384134,4.341778437296533,100.0,0.0,2.7251092592875
2015-06-18 05:45:00,0.90713906892125,4.190743923187234,100.0,0.0,2.901021003723167
2015-06-18 06:00:00,0.8466452069055234,4.5249977111816335,100.0,0.0,2.2906974951426
2015-06-18 06:15:00,0.5213790998222866,4.263819853464766,100.0,0.0,3.355793078740467
2015-06-18 06:30:00,0.7989074775778467,4.054727872212734,100.0,0.0,2.871970733006767
2015-06-18 06:45:00,0.91522316505623,4.1208793322245,100.0,0.0,2.4095373153686666
2015-06-18 07:00:00,0.90357181638082,3.9427700042724654,100.0,0.0,4.1038378874461
2015-06-18 07:15:00,0.7542775810666066,3.7341454823811664,100.0,0.0,8.705982367197533
2015-06-18 07:30:00,1.0397240779644632,3.895852804183967,100.0,0.0,40.18913904825833
2015-06-18 07:45:00,0.8591833188740433,5.024621327718133,100.0,0.0,123.20148722331
2015-06-18 08:00:00,1.4229677245922,5.989450931549066,100.0,0.0,122.35449727376331
2015-06-18 08:15:00,1.3087847371616332,7.770927906036367,100.0,0.0,105.49751790364668
2015-06-18 08:30:00,1.374493877312667,9.306115786234534,92.34161631266268,0.0,184.59214782715
2015-06-18 08:45:00,1.3510208871478933,9.700193723042831,83.009333292643,0.0,270.22946675618334
2015-06-18 09:00:00,0.7725772812905299,10.615015347798666,78.89986928304033,0.0,382.0196024576833
2015-06-18 09:15:00,1.5408314121612,11.263577143351332,74.377754211426,0.0,385.6593424479167
2015-06-18 09:30:00,1.3077287186177668,11.673919041951669,72.05734252929666,0.0,424.25239054362
2015-06-18 09:45:00,1.6645352558005666,12.458966890970666,68.873217264811,0.0,461.5190226237
2015-06-18 10:00:00,2.1584210620654334,13.036963144938,66.51132710774733,0.0,509.95684814453006
2015-06-18 10:15:00,2.243874631882333,13.538072903951331,63.93610000610334,0.0,546.7004394531233
2015-06-18 10:30:00,2.4574862819302665,14.083809534708664,61.81918716430667,0.0,579.7924601236967
2015-06-18 10:45:00,2.680807845441167,14.343324343363667,60.73286819458,0.0,605.5561930338566
2015-06-18 11:00:00,2.8940421757100663,14.678556760152333,59.615744272868,0.0,635.9996134440099
2015-06-18 11:15:00,2.3442667712396,14.985661506652669,58.097286224365,0.0,631.4273071289067
2015-06-18 11:30:00,2.3357518214814,15.765802065531332,55.83490753173834,0.0,679.7074381510433
2015-06-18 11:45:00,2.7460567932148,16.020140012105333,54.261661529540994,0.0,732.3636474609399
2015-06-18 12:00:00,2.8309359945545,16.385757446289002,52.244595845540665,0.0,715.9217732747401
2015-06-18 12:15:00,1.9857217638600664,16.269866307576667,52.687494913737,0.0,689.03877766927
2015-06-18 12:30:00,2.4192224977108667,16.754262924194332,50.947204589844,0.0,755.8593139648433
2015-06-18 12:45:00,2.450404140675533,17.013806025187332,49.873095194499,0.0,752.2913411458334
2015-06-18 13:00:00,3.396456927797967,17.259667714436667,48.43079884847,0.0,716.9855753580733
2015-06-18 13:15:00,3.2904938248221334,17.001688639323,48.43967946370466,0.0,707.9738566080767
2015-06-18 13:30:00,3.2242152611758,17.55425008138,47.163724263509,0.0,671.6734619140633
2015-06-18 13:45:00,2.404695509609867,17.588073094686,45.443307240804,0.0,646.2106933593733
2015-06-18 14:00:00,2.3254362801914,17.938956578572334,44.661315917968665,0.0,618.66306559245
2015-06-18 14:15:00,2.2957647993755668,18.105481465657665,44.375343322754,0.0,593.5770874023433
2015-06-18 14:30:00,2.571779206904733,18.25359471639,42.34539667765333,0.0,558.79504394531
2015-06-18 14:45:00,2.8650217547423,18.280711491903,40.690546671549335,0.0,514.36560058594
2015-06-18 15:00:00,2.7689453924837,18.596675872802667,38.09705734252933,0.0,490.8135172526033
2015-06-18 15:15:00,2.3690829421110333,18.789268493652333,36.01006444295266,0.0,464.84405517578335
2015-06-18 15:30:00,2.5824098141838667,18.412094751993667,36.367048899332666,0.0,422.6757100423167
2015-06-18 15:45:00,2.4016407028939,18.55921681722,36.63699976603167,0.0,377.97933959961
2015-06-18 16:00:00,2.8643055270970668,18.43200937906933,37.43460591634133,0.0,331.3703104654967
2015-06-18 16:15:00,2.4332446561425667,18.18379338582333,37.776648203531664,0.0,276.9858601888033
2015-06-18 16:30:00,2.1876606075432665,18.085383097330663,37.819700876871664,0.0,225.37087504069
2015-06-18 16:45:00,2.335749746355033,17.84370676676433,38.75781377156567,0.0,174.27325948079667
2015-06-18 17:00:00,2.0818035126168,17.442177454630666,39.86337025960267,0.0,115.471743265785
2015-06-18 17:15:00,2.396036360647533,17.058861414591664,40.53012720743833,0.0,38.59024302164733
2015-06-18 17:30:00,2.201470440814967,16.573111216227332,42.315386454264,0.0,23.238686879476003
2015-06-18 17:45:00,1.8024529642232328,15.959160168966,44.87624613444,0.0,13.558403333028332
2015-06-18 18:00:00,2.1278009836069667,15.20020198822,46.62444051106733,0.0,7.2157368659973
2015-06-18 18:15:00,2.296682181819933,14.637448628743334,47.98713175455733,0.0,4.491455078125
2015-06-18 18:30:00,1.8266510565096663,13.780194600423334,52.08305613199867,0.0,4.7138435045878
2015-06-18 18:45:00,1.3542722127424665,12.411452929178663,59.056460062662666,0.0,4.4118578433990665
2015-06-18 19:00:00,1.037357837901267,11.796892484029334,60.732304890950665,0.0,3.9309697945912334
2015-06-18 19:15:00,0.96951078781081,11.183435122171668,63.64842478434233,0.0,3.8006527423858665
2015-06-18 19:30:00,1.08089559984017,10.515304247538332,67.23447672526034,0.0,3.6884824434916
2015-06-18 19:45:00,0.7111599439063067,10.286724408467668,68.97705841064433,0.0,3.4094455242157
2015-06-18 20:00:00,0.6299540693837801,10.182033538818333,70.16267649332667,0.0,3.0789535840352333
2015-06-18 20:15:00,0.4630574425199834,9.704364776611332,71.40607198079434,0.0,3.5118347009023
2015-06-18 20:30:00,0.6678864294373167,9.202332178751634,74.07685343424467,0.0,3.2533260981242
2015-06-18 20:45:00,0.5938572247966166,9.0853665669759,74.66751352945967,0.0,3.07501800855
2015-06-18 21:00:00,0.7558433521858866,8.4617773691813,79.29010518391932,0.0,3.4441566467285334
2015-06-18 21:15:00,0.6900323542381933,8.239286740620967,79.81138356526701,0.0,2.876305977503467
2015-06-18 21:30:00,0.76756735235866,8.0711135864258,80.40820058186834,0.0,3.1051547527313
2015-06-18 21:45:00,0.9041439552009932,7.852132479349801,81.25478108723966,0.0,3.1715376377105664
2015-06-18 22:00:00,0.9175202416003634,7.673703988393167,80.73775990804033,0.0,2.6744475364685
2015-06-18 22:15:00,1.0804262018491333,7.516027132670067,80.18440246582067,0.0,2.7085205713908
2015-06-18 22:30:00,1.0128515231274031,7.2500252723694,82.371607462565,0.0,3.4560267130533666
2015-06-18 22:45:00,1.4725635087903337,6.977157751719166,85.01163228352867,0.0,3.1219960848490333
2015-06-18 23:00:00,1.5140621942002337,6.810648600260433,86.60231018066433,0.0,2.9264014561971337
2015-06-18 23:15:00,1.0412958537046266,6.738484700520833,87.38066101074234,0.0,2.819031953811633
2015-06-18 23:30:00,0.5616982856337233,6.770407199859633,87.73219045003266,0.0,2.756986538569133
2015-06-18 23:45:00,0.6880641410657566,6.6015683809916,88.24806722005233,0.0,3.044663429260267
2015-06-19 00:00:00,0.5344591288243133,6.2129020690918,88.29398345947267,0.0,3.206896861394233
2015-06-19 00:15:00,0.7314833779699033,5.859985828399666,89.91124216715501,0.0,3.047270536422733
2015-06-19 00:30:00,0.7232333821075767,5.8845240275065,91.09444936116569,0.0,2.683771769205733
2015-06-19 00:45:00,0.4883093457690899,5.761945247650133,90.15045420328768,0.0,2.770074844360367
2015-06-19 01:00:00,0.66216846298647,5.504712104797367,91.10655721028634,0.0,3.074356396993
2015-06-19 01:15:00,0.5274246602856301,5.3385149637858005,92.15215810139966,0.0,2.9031419754028
2015-06-19 01:30:00,0.4915508255515066,5.115158557891833,93.59275309244768,0.0,2.790116786956767
2015-06-19 01:45:00,0.5839519624730732,4.972051620483399,93.800501505534,0.0,3.073325554529833
2015-06-19 02:00:00,1.1878226210721,4.938524564107267,96.863749186198,0.0,2.406637350718167
2015-06-19 02:15:00,1.125725370753467,5.219973405202233,98.04813385009766,0.0,2.1021045049031666
2015-06-19 02:30:00,1.1467767105668334,5.268872102101667,97.69519042968768,0.0,2.7212563355763666
2015-06-19 02:45:00,1.0538347604023566,4.831005891164133,96.80256907145169,0.0,3.4361069202423
2015-06-19 03:00:00,1.2973192668234332,4.4136571884155,97.91756439208966,0.0,3.1218319733937663
2015-06-19 03:15:00,1.3482370389486666,4.112086455027266,98.82885742187466,0.0,3.305396795272833
2015-06-19 03:30:00,0.7027974717817133,4.105446656544999,99.565709431966,0.0,3.0503650506337667
2015-06-19 03:45:00,0.6082868806424133,4.0697542826335,99.84502665201836,0.0,2.6940364042918
2015-06-19 04:00:00,0.5393314592198534,4.0231552918752,99.942632039388,0.0,2.753233671188333
2015-06-19 04:15:00,0.5384509102678267,3.7191630204519,99.80043029785134,0.0,3.093866825103767
2015-06-19 04:30:00,0.8410784597670234,3.820278882980334,100.0,0.0,2.5566500027974333
2015-06-19 04:45:00,0.5305085298081234,3.7240943113962666,100.0,0.0,2.664933443069433
2015-06-19 05:00:00,0.8009741930235234,3.5754302342732664,100.0,0.0,3.0095810095469004
2015-06-19 05:15:00,1.0857486139002,3.4240338007609004,100.0,0.0,2.344710628191633
2015-06-19 05:30:00,1.0042786022868233,3.689684232076,100.0,0.0,2.3368245760599664
2015-06-19 05:45:00,1.0112998143003633,3.8107021649678336,100.0,0.0,2.7899719874064
2015-06-19 06:00:00,0.9573674796644832,3.9781615734100666,100.0,0.0,2.757975101470933
2015-06-19 06:15:00,1.0850681269946163,3.510985374450667,100.0,0.0,2.7632954120636
2015-06-19 06:30:00,0.9537057205727968,3.4632683595021665,100.0,0.0,2.698207855224633
2015-06-19 06:45:00,1.0401233411006834,3.0815959771474333,100.0,0.0,3.390830914179467
2015-06-19 07:00:00,1.2554672138905667,2.990685860315933,100.0,0.0,4.053132295608534
2015-06-19 07:15:00,1.3121893571949,2.867798328399666,100.0,0.0,8.0431278546651
2015-06-19 07:30:00,0.9703589184328832,3.009573936462433,100.0,0.0,19.017654736837
2015-06-19 07:45:00,0.6632725295352166,3.9607763290405,100.0,0.0,54.038174947103
2015-06-19 08:00:00,0.7188070051906866,5.758879502614334,100.0,0.0,176.50087992350333
2015-06-19 08:15:00,0.5271651370395,7.600090026855466,96.63787333170568,0.0,183.71501159668
2015-06-19 08:30:00,0.74534405183665,8.6184810002645,81.28446197509767,0.0,235.59787495931
2015-06-19 08:45:00,1.4980625286792,9.135259310404466,74.48258463541667,0.0,377.5802205403667
2015-06-19 09:00:00,1.26297769212597,9.764353434244931,72.030507405599,0.0,327.0452473958333
2015-06-19 09:15:00,1.476850101665533,10.264679590861,69.37825012207033,0.0,374.78221638997337
2015-06-19 09:30:00,1.7628478536653331,10.774702390035,68.78890482584599,0.0,419.67860921224
2015-06-19 09:45:00,2.0635862434749668,11.31470712026,66.91778564453134,0.0,456.5753275553366
2015-06-19 10:00:00,1.9486254810352333,11.989425977071,64.62494532267233,0.0,501.0949605306
2015-06-19 10:15:00,2.3905614268112334,12.418660799662334,62.702766418457,0.0,540.6576131184867
2015-06-19 10:30:00,2.4535672071736667,12.929379781087334,60.022891998290994,0.0,569.4567667643233
2015-06-19 10:45:00,1.7558716763083,13.608792622884,57.66708755493167,0.0,594.9432576497401
2015-06-19 11:00:00,2.5729665323785333,13.76899878184,56.29617182413767,0.0,620.9746704101567
2015-06-19 11:15:00,2.5855864793822003,14.063517888387,55.43726221720366,0.0,640.4965413411434
2015-06-19 11:30:00,2.673841248986533,14.481335957845332,53.704511006673336,0.0,666.7123616536467
2015-06-19 11:45:00,3.430810600040433,15.049456596374334,50.98688888549767,0.0,683.00177001953
2015-06-19 12:00:00,3.4525860044123333,15.514039993286,49.16079966227233,0.0,692.4216512044267
2015-06-19 12:15:00,3.922889545242933,15.712739944458333,48.04609044392867,0.0,696.5442504882834
2015-06-19 12:30:00,3.09079814855,15.732425689697331,47.183536529541335,0.0,700.17071533203
2015-06-19 12:45:00,2.4982451627276667,16.294500350952003,45.471078236898,0.0,695.2981974283866
2015-06-19 13:00:00,2.8943983027095666,16.340712865193666,44.43261464436833,0.0,683.0752970377599
2015-06-19 13:15:00,2.846987229172367,16.413859685262,42.75982157389333,0.0,675.6221110026033
2015-06-19 13:30:00,3.186987229904833,16.437405904134334,42.580159505208336,0.0,657.9628702799467
2015-06-19 13:45:00,3.002712656272267,16.61171023050967,39.91637166341133,0.0,640.64880371094
2015-06-19 14:00:00,3.031877894566833,16.846881866454666,40.09170659383133,0.0,615.0941975911467
2015-06-19 14:15:00,2.7947333406003665,17.05029741923,38.412980397542334,0.0,586.3748982747367
2015-06-19 14:30:00,2.783668590402,17.339862187703336,38.153772989908994,0.0,555.03582763672
2015-06-19 14:45:00,2.4242876161728,17.337228775024666,37.96090952555333,0.0,512.6463521321633
2015-06-19 15:00:00,3.3462115849069,17.324902216593667,37.04457982381167,0.0,491.52502441406335
2015-06-19 15:15:00,3.3126919368425995,17.222723642984665,35.92341105143267,0.0,464.16976928711
2015-06-19 15:30:00,3.0157330585060333,17.337224960327333,36.21705754598,0.0,421.40552775065
2015-06-19 15:45:00,3.056990631896967,17.265282948812,35.314266204834006,0.0,379.1179300944
2015-06-19 16:00:00,3.230013605658234,17.160421371459666,35.46018218994133,0.0,333.3831380208333
2015-06-19 16:15:00,3.3878598118674,17.033625284830666,37.495543162028,0.0,281.73678588867
2015-06-19 16:30:00,3.3119476287644667,16.786845525106,37.96534474690767,0.0,226.90620422363
2015-06-19 16:45:00,3.1211047063261668,16.611731211344335,38.98613357543933,0.0,173.77209981282667
2015-06-19 17:00:00,3.8149250491492,16.184134801229,39.19499333699533,0.0,114.69869486490632
2015-06-19 17:15:00,3.743329040509568,15.82138411204,40.086930592855,0.0,34.735511144002665
2015-06-19 17:30:00,2.950541154630633,15.414274215698333,41.521011352539,0.0,19.84619140625
2015-06-19 17:45:00,2.6307885588652336,14.925467491149666,42.73302332560234,0.0,11.658345858256068
2015-06-19 18:00:00,1.9553709661566667,14.363460858662998,44.29292678833,0.0,6.6027916272481
2015-06-19 18:15:00,1.6636222885186,13.569807688395334,46.75454203287766,0.0,4.881740411122633
2015-06-19 18:30:00,1.5438893094908668,12.989485422770334,48.27707036336267,0.0,3.887584606806467
2015-06-19 18:45:00,1.4685639014714666,12.356088002523,50.12882868448867,0.0,3.852560599644967
2015-06-19 19:00:00,1.2330579908797,11.819372177124,51.858814239502,0.0,4.0395867029826
2015-06-19 19:15:00,1.1185943757267,10.785428682963,55.943416595459006,0.0,3.9670644601186336
2015-06-19 19:30:00,1.056857844176457,10.435998598734669,58.01930618286133,0.0,3.695057630538933
2015-06-19 19:45:00,0.6672320361415567,9.581108411153169,61.91105524698867,0.0,4.123962720235166
2015-06-19 20:00:00,0.8379427010483734,8.993141810099267,66.52209472656267,0.0,3.938556989034
2015-06-19 20:15:00,0.7826664572040233,8.161693255106632,68.06429036458333,0.0,3.916111151377333
2015-06-19 20:30:00,0.7813160577068333,7.842688401540133,69.905042012533,0.0,3.476230541865033
2015-06-19 20:45:00,0.6863468636485767,7.678715546925866,72.07444254557267,0.0,3.133235136667867
2015-06-19 21:00:00,1.0728353235063333,7.2945672671,73.73025767008467,0.0,3.2024827798207665
2015-06-19 21:15:00,0.8049673762811033,7.120606104532867,74.69561513265,0.0,3.0258663495381666
2015-06-19 21:30:00,1.2057942968052,6.630858580271401,75.79959615071634,0.0,3.341219504674267
2015-06-19 21:45:00,1.2723043694922,6.166039784749334,78.51891072591134,0.0,3.327555656433133
2015-06-19 22:00:00,1.1883964155781968,6.2119410832723005,78.60561116536466,0.0,2.9384511311849
2015-06-19 22:15:00,0.7015390401174234,6.029850165049233,78.60633087158199,0.0,2.8661499023437664
2015-06-19 22:30:00,0.4788920471944833,5.812338193257666,79.83553568522133,0.0,2.9808990955352663
2015-06-19 22:45:00,0.5448457431910834,5.7840487162272,80.55500030517567,0.0,2.6761485735575
2015-06-19 23:00:00,0.4789783746573933,5.8780477841695005,79.77734120686867,0.0,2.8807691733042
2015-06-19 23:15:00,0.5115807506563667,5.564516385396334,81.17181650797534,0.0,2.9280004501343
2015-06-19 23:30:00,0.4257338560966633,5.339760462443034,82.588373819987,0.0,3.022583564122533
2015-06-19 23:45:00,0.4528621150643833,5.210069179534901,83.742830912272,0.0,3.058823108673067
2015-06-20 00:00:00,0.5668496984448433,5.123555978139233,84.84860738118499,0.0,2.8199582894643
2015-06-20 00:15:00,0.6423923324545233,4.928863048553467,86.01268513997366,0.0,2.8671236038208003
2015-06-20 00:30:00,0.6371544928393332,4.838424364725733,86.68517049153634,0.0,2.7216110229492
2015-06-20 00:45:00,0.5855711349816334,4.940078258514434,86.09088897705101,0.0,2.628235816955567
2015-06-20 01:00:00,0.9488780274691632,4.855859438578267,86.79723358154301,0.0,2.7295884291331
2015-06-20 01:15:00,0.9240357188363,4.6228725115458,87.24723307291667,0.0,3.1022879282633333
2015-06-20 01:30:00,0.9199708333412634,4.1313641866048,89.54334259033199,0.0,3.1692805290222004
2015-06-20 01:45:00,1.3866274058742334,4.122785886128766,91.8115234375,0.0,2.6414680480957
2015-06-20 02:00:00,1.3654315357195337,3.9737087885538656,91.23318481445334,0.0,3.0679724216461
2015-06-20 02:15:00,1.1432283769972933,3.5902969837188667,91.658462524414,0.0,3.3379125595093
2015-06-20 02:30:00,0.7042350596985001,3.4918999671936333,95.01031239827466,0.0,2.8271774450938003
2015-06-20 02:45:00,0.8133899608418167,3.648127794265767,95.82645670572934,0.0,2.5976266860962003
2015-06-20 03:00:00,0.83314904884688,3.495568037033067,95.43199412028032,0.0,3.0255688826243
2015-06-20 03:15:00,0.8342895294475566,3.281106313069667,97.47697194417331,0.0,2.920198122660333
2015-06-20 03:30:00,0.8929012298061033,3.1248875459035,98.087916056315,0.0,2.7344111601511667
2015-06-20 03:45:00,0.88162543484481,2.8551219304402333,98.82083892822268,0.0,2.8912461598714003
2015-06-20 04:00:00,1.01570380634386,3.045603116353333,99.91527048746734,0.0,2.2901126941045
2015-06-20 04:15:00,0.72418796229521,3.3761411507924333,99.77021789550766,0.0,2.483465313911433
2015-06-20 04:30:00,0.65072995825267,2.792243719100933,99.44866434733063,0.0,3.3282413482666
2015-06-20 04:45:00,0.5603944109103667,2.6664660771688,99.97001393636069,0.0,3.0842059453328665
2015-06-20 05:00:00,0.69454915368112,2.4825271765391,100.0,0.0,3.2497276465098004
2015-06-20 05:15:00,0.64985673847024,2.2230885028839333,100.0,0.0,3.101018031438167
2015-06-20 05:30:00,0.7923090835919367,2.2304813861847,100.0,0.0,2.7940435409545668
2015-06-20 05:45:00,1.22935492794369,2.1804494063059665,100.0,0.0,2.8694426218668667
2015-06-20 06:00:00,1.579787096481,1.9664906263351327,100.0,0.0,2.9377000331878667
2015-06-20 06:15:00,1.20158633797249,1.9075842301050665,100.0,0.0,2.9030558268229
2015-06-20 06:30:00,0.80189044960149,2.0089410940806,100.0,0.0,2.3545856475830003
2015-06-20 06:45:00,0.6484678497947833,2.0778721968333,100.0,0.0,2.7018268903096665
2015-06-20 07:00:00,0.6372695298957833,2.0531751314799,100.0,0.0,3.4543616771698336
2015-06-20 07:15:00,0.70671595049143,2.0624910990397,100.0,0.0,7.1670241355896
2015-06-20 07:30:00,0.39131222346687,2.0086886485417668,100.0,0.0,24.09098943074533
2015-06-20 07:45:00,0.4197316635660333,3.0775604248047,100.0,0.0,77.11994934082134
2015-06-20 08:00:00,0.8187659950402567,4.754356384277333,100.0,0.0,119.75805918375666
2015-06-20 08:15:00,0.8104378508033766,6.193053404490168,99.424580891927,0.0,193.58605957031327
2015-06-20 08:30:00,0.7032480170292866,7.970010280609133,88.95485941569,0.0,208.19837951660327
2015-06-20 08:45:00,1.1506013891512568,9.2140874862671,78.46651713053366,0.0,256.52863566080333
2015-06-20 09:00:00,1.9248114637263327,9.8199714024862,74.81473541259767,0.0,356.13640340169
2015-06-20 09:15:00,2.420367658383667,10.650978724162,71.19873046875033,0.0,384.31416829427
2015-06-20 09:30:00,2.8077735227616665,11.305660883585332,68.41071573893232,0.0,420.97384643554665
2015-06-20 09:45:00,2.565500757662433,11.764918645223,66.31784566243466,0.0,459.6431070963567
2015-06-20 10:00:00,3.062340042666133,12.502859115600666,63.43194198608367,0.0,504.58624267578006
2015-06-20 10:15:00,3.3897765221704,12.862602551778002,61.80209350585967,0.0,543.3259277343733
2015-06-20 10:30:00,3.3517038703314337,13.325716972350998,59.947079976399664,0.0,576.2676188151033
2015-06-20 10:45:00,3.017865581947333,13.670737902323332,58.569123586019,0.0,603.64093017578
2015-06-20 11:00:00,2.497598562193533,14.040035565694334,56.90879821777367,0.0,626.3344319661467
2015-06-20 11:15:00,2.1760422401310664,14.389771143595333,56.21196492513,0.0,643.0436604817734
2015-06-20 11:30:00,2.6873610943915,14.434994379679331,55.29706827799467,0.0,670.03348795573
2015-06-20 11:45:00,2.453551312589,15.078625996907666,53.589571634928326,0.0,685.95186360677
2015-06-20 12:00:00,2.6049697487634,15.324006398518668,51.98374048868834,0.0,696.1689453125033
2015-06-20 12:15:00,2.6824713020286666,15.576579411824667,50.86840947469066,0.0,702.7611897786468
2015-06-20 12:30:00,2.1669161877444667,16.09801801045767,48.68028132120767,0.0,702.92462158203
2015-06-20 12:45:00,2.143382444945033,16.114021619161,48.36006927490234,0.0,701.5953165690099
2015-06-20 13:00:00,2.1768489786055665,16.456790924072333,45.98220825195299,0.0,687.00876871745
2015-06-20 13:15:00,2.4168546019617665,16.689278284708667,44.324970245360994,0.0,679.5835367838533
2015-06-20 13:30:00,2.2689840578406666,16.596713383992668,44.15582656860367,0.0,663.1905110677067
2015-06-20 13:45:00,2.0279227250019667,17.270425796508665,41.894231160482,0.0,641.69523111979
2015-06-20 14:00:00,1.8760606974608,17.676905949910665,40.646210988362334,0.0,617.5397135416666
2015-06-20 14:15:00,2.2692691448771334,17.44278717041033,40.188339233398665,0.0,593.0326538085933
2015-06-20 14:30:00,2.496802508412033,17.558161417643333,39.868773142497,0.0,561.65655517578
2015-06-20 14:45:00,2.0893282739026,17.360637029012,38.630978902181,0.0,518.0624287923166
2015-06-20 15:00:00,2.0893238587402,17.71821784973167,38.32134755452467,0.0,492.8979899088533
2015-06-20 15:15:00,3.2368764457963333,17.398178100585667,36.940003712972,0.0,470.6899515787733
2015-06-20 15:30:00,2.9993803565991666,17.702388127644998,37.220105489095,0.0,426.77680460612
2015-06-20 15:45:00,2.864570966660833,17.91677347819,37.126547495524,0.0,382.80467732747337
2015-06-20 16:00:00,2.077719840605767,17.611932118733666,36.63935089111333,0.0,337.95056152343665
2015-06-20 16:15:00,2.063221462757133,17.481193542480334,36.31328328450533,0.0,286.28444417317667
2015-06-20 16:30:00,1.9575262276843333,17.310922622680668,36.11015701293967,0.0,232.0276540120433
2015-06-20 16:45:00,1.7340583015397666,17.07339159647633,34.960297902425,0.0,178.99194335937332
2015-06-20 17:00:00,1.728537979833933,16.75795046488433,36.98739496866867,0.0,116.10341135660668
2015-06-20 17:15:00,1.6294743186925331,16.387636820475,38.593718210856,0.0,35.72207705179867
2015-06-20 17:30:00,1.5055089649839666,15.89674727122,41.97679901123067,0.0,20.71587053934733
2015-06-20 17:45:00,1.0156523476260633,15.083658854166666,44.690330505371,0.0,13.160528818766332
2015-06-20 18:00:00,0.8604263636973734,13.509680112203,51.210282643636,0.0,8.486599922180167
2015-06-20 18:15:00,0.95226412589615,12.346540768941331,55.356286366780665,0.0,5.439399878184001
2015-06-20 18:30:00,0.9108740314056132,11.374306996663334,58.96853637695301,0.0,4.960381507873533
2015-06-20 18:45:00,0.9516533102533136,10.574813842773333,62.37659200032567,0.0,4.334920406341567
2015-06-20 19:00:00,0.95102549623521,10.427718480428,63.02749252319333,0.0,3.2217609087626333
2015-06-20 19:15:00,1.03303930132613,9.946827252706,65.06407928466767,0.0,3.925998846689833
2015-06-20 19:30:00,1.1077249523131,9.6505193710327,65.70959981282566,0.0,3.2422929604848
2015-06-20 19:45:00,1.2318131799914334,9.438756942749032,66.54082997639966,0.0,3.0535427729288664
2015-06-20 20:00:00,1.210601967147367,9.088983217875134,68.353914896647,0.0,3.4303319454192995
2015-06-20 20:15:00,1.5992168575223331,8.817936261494966,70.08816019693967,0.0,2.9919228553772004
2015-06-20 20:30:00,1.699839954024967,8.335111935933467,72.27915700276667,0.0,3.2420887947082666
2015-06-20 20:45:00,1.3599118762880966,8.090780576070133,73.610076904297,0.0,3.0130493640899334
2015-06-20 21:00:00,0.9166159280366868,7.737053553263366,75.38622792561834,0.0,3.2436094284057666
2015-06-20 21:15:00,1.1241995789297334,7.665741602579767,75.864573160807,0.0,2.9927161534627333
2015-06-20 21:30:00,1.0645895882757337,7.1853572527567335,78.02058410644533,0.0,3.1968111197154
2015-06-20 21:45:00,1.2141744295794332,6.715288480122866,80.59856669108068,0.0,3.2847892443339
2015-06-20 22:00:00,1.3605879259554332,6.4459770520528,82.71351877848299,0.0,3.0282915433247664
2015-06-20 22:15:00,1.2324001316814668,6.6368583043416,82.41103108723966,0.0,2.7516179084777668
2015-06-20 22:30:00,1.0973527644894667,6.2441479365031,82.957194010417,0.0,3.3074344793955333
2015-06-20 22:45:00,1.0870364063945,5.8379487991333,85.01248423258467,0.0,3.2346303462982333
2015-06-20 23:00:00,1.4994578966054668,5.663582483927434,85.790512084961,0.0,2.896045684814467
2015-06-20 23:15:00,1.08914683194797,5.580803553263333,86.03019714355467,0.0,3.034296751022333
2015-06-20 23:30:00,1.0933107716115331,5.3238426844279,87.85582987467433,0.0,2.9529209931691667
2015-06-20 23:45:00,1.3452505347951,5.5335578918457005,87.41897328694633,0.0,2.6253117720286
2015-06-21 00:00:00,1.1618341362791,5.307419776916467,88.681307474772,0.0,2.6476789315541667
2015-06-21 00:15:00,1.4816697370977,5.109429995218933,88.86190287272133,0.0,2.970295826594034
2015-06-21 00:30:00,2.0481646110159333,5.1026169459025,90.018564860026,0.0,2.692928791046167
2015-06-21 00:45:00,2.013434016359,5.0148008664449,90.26978302001936,0.0,2.816032648086533
2015-06-21 01:00:00,1.9080099605611,4.808932622273766,90.39172363281232,0.0,3.1578963597616
2015-06-21 01:15:00,1.5454139533723332,4.6563172340393,91.24921925862634,0.0,2.735863606135067
2015-06-21 01:30:00,1.117310932167363,4.5188980102539,91.927693684896,0.0,3.038866360982267
2015-06-21 01:45:00,1.054790378153183,4.334120909372967,92.68510945638,0.0,2.8847717444102
2015-06-21 02:00:00,1.2895084030138333,4.474468231201167,93.033083597819,0.0,2.558116038640333
2015-06-21 02:15:00,1.2391906956109666,4.219965616862,92.49614715576166,0.0,3.2086182435354
2015-06-21 02:30:00,1.4699966658233332,3.993804295857766,94.72902679443366,0.0,2.7082565625508668
2015-06-21 02:45:00,1.2071044300212732,3.8921322027842,96.650883992513,0.0,2.9575099945068337
2015-06-21 03:00:00,1.0287489555629132,3.6079645156860334,96.638776143392,0.0,3.168357531229667
2015-06-21 03:15:00,1.1723888469165,3.247213284174633,97.367930094401,0.0,3.427478472391733
2015-06-21 03:30:00,1.3026376831525333,3.077521165212,99.12737528483063,0.0,2.8302284081776663
2015-06-21 03:45:00,1.4802059341541665,3.182239055633533,99.881233215332,0.0,2.3279449939728
2015-06-21 04:00:00,1.3756572284545998,3.1291116873423,99.778170267741,0.0,3.041888952255267
2015-06-21 04:15:00,1.3860991316925666,2.8121908505757336,99.74264017740866,0.0,3.4206899007161664
2015-06-21 04:30:00,1.3825790110107663,2.5525148709615,99.91005452473966,0.0,3.3007253011068
2015-06-21 04:45:00,1.6400548580300331,2.220512231191,100.0,0.0,3.0886732737223
2015-06-21 05:00:00,1.7246387291565,2.1952962080637666,100.0,0.0,3.056999524434433
2015-06-21 05:15:00,1.2308897266987266,1.9120930830637333,100.0,0.0,2.9785992304484004
2015-06-21 05:30:00,0.8572693238959334,1.8875243266423667,100.0,0.0,2.940740267435733
2015-06-21 05:45:00,1.0711924857273,1.6469217936198,100.0,0.0,3.124406576156633
2015-06-21 06:00:00,1.00274314125746,1.4278668562571333,100.0,0.0,3.225767294565866
2015-06-21 06:15:00,1.0031901764508933,1.4701184431711998,100.0,0.0,2.7617603143056333
2015-06-21 06:30:00,1.1119917652606934,1.3475547234217,100.0,0.0,2.7753108342488333
2015-06-21 06:45:00,0.9158311770709234,1.2309113740921,100.0,0.0,2.9086335500081666
2015-06-21 07:00:00,1.00790135341866,1.2621512413025,100.0,0.0,3.349834283192967
2015-06-21 07:15:00,0.98661625283179,1.1754982868830333,100.0,0.0,7.060884157816534
2015-06-21 07:30:00,0.9666071121039368,1.4966792662938666,100.0,0.0,43.76353263854966
2015-06-21 07:45:00,1.2078490913124,2.6635560989380003,100.0,0.0,122.82723490397
2015-06-21 08:00:00,1.2039808350750667,4.607399463653567,100.0,0.0,294.41694132487004
2015-06-21 08:15:00,1.2851510350853337,7.831518650054967,89.39658864339201,0.0,264.0557861328133
2015-06-21 08:30:00,1.5605371208527998,8.279009660085068,77.78979237874366,0.0,205.67233276367327
2015-06-21 08:45:00,2.6645711740023668,9.080220540364566,71.97125498453767,0.0,292.23133341471333
2015-06-21 09:00:00,2.8426261966591,9.926731427510498,67.49626668294268,0.0,340.6854044596367
2015-06-21 09:15:00,3.277368694936133,11.337234179178663,58.22767257690433,0.0,383.3785502115866
2015-06-21 09:30:00,2.752984889453233,12.117489178975331,52.13381830851233,0.0,430.48165893554665
2015-06-21 09:45:00,3.0124729025866,12.485652605692666,50.81461079915366,0.0,469.60467529296665
2015-06-21 10:00:00,2.8932376448167,13.212493578593,48.627438863118336,0.0,515.3996582031267
2015-06-21 10:15:00,2.8985389303156333,13.66325378418,46.69885635375967,0.0,554.69901529948
2015-06-21 10:30:00,3.127480465747833,14.642431894938332,41.18795903523733,0.0,586.3913574218767
2015-06-21 10:45:00,3.005661543242167,15.324729601542332,36.289892832438,0.0,614.1214396158866
2015-06-21 11:00:00,2.7496790366029664,15.747890154520666,34.22957865397134,0.0,635.69775390625
2015-06-21 11:15:00,3.480046813412333,16.329615275065,31.331038792928,0.0,658.60526529948
2015-06-21 11:30:00,3.5253952113774667,16.500583648681665,29.828844070434663,0.0,685.1175740559901
2015-06-21 11:45:00,3.2593595123984334,17.124696095784333,28.318400700887,0.0,699.1395670572933
2015-06-21 12:00:00,3.1505023587697334,17.657861709594666,27.010972976684663,0.0,713.0630493164067
2015-06-21 12:15:00,2.892127937898,17.885032018025665,27.803743998209665,0.0,716.93475341797
2015-06-21 12:30:00,3.136517243550633,18.152295430501,26.531432469686,0.0,718.62320963542
2015-06-21 12:45:00,3.0301808827451,18.76804478963233,24.29828898111967,0.0,718.4093424479166
2015-06-21 13:00:00,2.995353198666867,18.90336418151867,23.734785715738667,0.0,703.4729410807267
2015-06-21 13:15:00,3.1096086830641667,19.10979461669933,22.62539990743,0.0,696.9023234049467
2015-06-21 13:30:00,3.127351896218633,19.38197453816733,22.05824343363467,0.0,680.71016438802
2015-06-21 13:45:00,3.416621769228,20.082882563273,21.749835332234667,0.0,659.9997762044233
2015-06-21 14:00:00,3.710159779733633,20.245646794637,21.16573969523133,0.0,639.1599324544267
2015-06-21 14:15:00,3.9322262891795,20.35240173339833,18.97044817606633,0.0,611.6651407877599
2015-06-21 14:30:00,3.0803203500417005,20.753215789794663,18.557845433553,0.0,578.1922200520834
2015-06-21 14:45:00,2.6024612300917336,20.886873881022336,18.51954015096,0.0,533.0870768229166
2015-06-21 15:00:00,2.435385038572933,21.02498626709,17.330892562866335,0.0,511.4287516276067
2015-06-21 15:15:00,2.6737985102145,21.185694376627666,16.645631154378332,0.0,485.39334106445335
2015-06-21 15:30:00,2.6811856067365336,21.048749287923,16.433658281962,0.0,443.30580647786337
2015-06-21 15:45:00,2.3226617921365333,20.99866994222,15.933882077535,0.0,397.1354573567733
2015-06-21 16:00:00,2.233455069366133,21.156747817993,16.85716629028333,0.0,348.27937825520667
2015-06-21 16:15:00,2.6803854910055662,20.899658203125,17.829819997151663,0.0,297.1495361328133
2015-06-21 16:30:00,2.7190458009605,20.654362996419668,18.375877380370667,0.0,240.6367238362633
2015-06-21 16:45:00,2.5337059369430333,20.29336738586433,19.99271901448533,0.0,186.45520019531327
2015-06-21 17:00:00,2.4869452168280333,19.823968887329,20.280537287394,0.0,123.06755065918134
2015-06-21 17:15:00,2.1884001472460666,19.27026621500633,20.948977788289668,0.0,35.97506841023767
2015-06-21 17:30:00,2.2764737627369667,18.56315739949533,22.15533765157033,0.0,20.524212519327666
2015-06-21 17:45:00,1.8862754847447,17.604239145914665,23.83717727661133,0.0,13.286483764648668
2015-06-21 18:00:00,1.3979054525683663,16.050720214844,26.852233886719,0.0,9.102162043253566
2015-06-21 18:15:00,0.98582229625242,14.108221689859668,31.958653132120663,0.0,6.907871723175034
2015-06-21 18:30:00,0.98507112259674,12.816448529561333,35.269730885823336,0.0,5.337955951690667
2015-06-21 18:45:00,1.2648456811118332,11.855700810750331,37.42147191365567,0.0,4.850785255432133
2015-06-21 19:00:00,1.567353557634,11.421390215555666,38.195721944173,0.0,4.0987024307251
2015-06-21 19:15:00,1.861974210112867,11.289742151896,38.743876139323,0.0,3.8410118420919
2015-06-21 19:30:00,1.1545706863802268,11.003374099731332,40.70951080322266,0.0,3.126598278681467
2015-06-21 19:45:00,0.8375643216303233,10.657863934834667,41.982503255208336,0.0,2.990499734878533
2015-06-21 20:00:00,0.8333587469852732,10.366338411967,42.66791915893534,0.0,3.1836915810902995
2015-06-21 20:15:00,1.0118395237526931,9.4348748524984,47.22658411661767,0.0,3.932899077733367
2015-06-21 20:30:00,0.9068228991414666,8.633808771769234,50.32879384358733,0.0,3.7257865269979
2015-06-21 20:45:00,1.04900289497025,8.241620699564633,49.939525604248,0.0,3.3562852541605666
2015-06-21 21:00:00,1.07958102938588,9.098194758097334,47.860880533854335,0.0,2.4331114292145
2015-06-21 21:15:00,0.8816908013242067,8.457423528035468,51.106438954671,0.0,3.0976546605428
2015-06-21 21:30:00,0.91807026045688,7.850214799245166,52.45831425984701,0.0,3.1612831751505666
2015-06-21 21:45:00,1.1359713070081,7.7700448036194,54.50012715657567,0.0,2.6131057739257666
2015-06-21 22:00:00,1.239548058856,7.3855613072713,55.951033274332666,0.0,3.474539279937733
2015-06-21 22:15:00,1.2161744319211667,6.847212632497133,59.63052113850933,0.0,3.2819221019745
2015-06-21 22:30:00,1.450358244206733,6.6229445139567344,60.066162109375,0.0,3.1316796143849666
2015-06-21 22:45:00,1.1037557433873966,6.3039182027181,62.88454691569033,0.0,3.321155150731433
2015-06-21 23:00:00,1.3921492728869334,6.083942413330099,63.74941380818667,0.0,2.787362575531
2015-06-21 23:15:00,1.3781469385344334,5.988592306772866,64.78524017333967,0.0,3.2779644330343003
2015-06-21 23:30:00,1.4638108025366334,5.295781771341967,68.40967559814433,0.0,3.5606582164764333
2015-06-21 23:45:00,1.4565454320421332,4.8731452624003,70.95684560139966,0.0,3.414871136347467
2015-06-22 00:00:00,0.9573021131850732,4.5686135292053,71.89952850341801,0.0,3.2799595991770665
2015-06-22 00:15:00,0.6288301014905001,4.346694151560467,72.43431091308567,0.0,3.143076022466033
2015-06-22 00:30:00,1.000928156296253,4.300660610199,73.19037373860667,0.0,3.0359951655069666
2015-06-22 00:45:00,0.7892526874175066,4.176291147867866,73.82004038492833,0.0,2.8949161370595333
2015-06-22 01:00:00,0.6299670720370599,3.732524156570433,75.18164825439435,0.0,3.1988380750020333
2015-06-22 01:15:00,0.75866722383229,3.764118591944367,75.800094604492,0.0,2.7400763829549
2015-06-22 01:30:00,0.7322192972394633,3.604250907897933,76.907503763835,0.0,2.811547835667933
2015-06-22 01:45:00,1.239241602433533,3.4713756243388,76.446327209473,0.0,2.7180677254994667
2015-06-22 02:00:00,0.8719651698830934,3.4152127106984334,76.887001037598,0.0,2.8707746664683333
2015-06-22 02:15:00,0.7970022466971066,3.7576099236806,73.89225514729833,0.0,2.4356339772542666
2015-06-22 02:30:00,0.93731250955089,3.8017997741699,73.06101735432968,0.0,2.422373453776033
2015-06-22 02:45:00,1.0161144385233,3.660544713338233,73.31435139973934,0.0,2.559603373209633
2015-06-22 03:00:00,1.1099029519271533,3.986125310262066,70.40991973876966,0.0,2.2495887676875004
2015-06-22 03:15:00,1.3388491232798667,3.7933118343353662,73.314064025879,0.0,2.8805317878723
2015-06-22 03:30:00,1.4645870322389667,3.4524845282237,76.85788726806634,0.0,3.2524190743764
2015-06-22 03:45:00,1.8440293123397664,3.3667454719543333,78.3781153361,0.0,3.013025522232033
2015-06-22 04:00:00,1.8055233564624664,3.1061454614003665,78.54144795735667,0.0,3.228379726409933
2015-06-22 04:15:00,1.2010498074371334,2.7672553062439333,79.24074045817034,0.0,2.796189864476533
2015-06-22 04:30:00,1.6932731063743998,4.049396355946867,73.45039621988934,0.0,1.5549283027648668
2015-06-22 04:45:00,1.7002695493269,6.858106136322033,58.70025380452466,0.0,1.1953408718109333
2015-06-22 05:00:00,1.5337468425671332,8.554771423339835,49.86606597900367,0.0,1.4985427061716667
2015-06-22 05:15:00,1.7041142727486334,8.623480796813967,49.356993357340336,0.0,1.768140912055933
2015-06-22 05:30:00,2.393146062882733,10.0561192830401,43.679953257243,0.0,1.3131169875463
2015-06-22 05:45:00,2.404620496000633,10.550214767456,41.40803400675433,0.0,1.9331792593002333
2015-06-22 06:00:00,2.276143067072867,10.294610659281334,41.846523284912,0.0,2.2271558443705337
2015-06-22 06:15:00,2.514236748501467,9.892741521199534,43.01061121622734,0.0,3.0520101388295333
2015-06-22 06:30:00,3.381374468114867,10.204337755839031,41.76845296223967,0.0,1.7220717271169
2015-06-22 06:45:00,2.238279252415633,10.967838605245332,37.172192891439,0.0,1.930669426918033
2015-06-22 07:00:00,1.4636711509498,10.382957140604669,39.13911437988301,0.0,4.359486500422167
2015-06-22 07:15:00,1.4627833500935334,10.301097551981668,39.8703028361,0.0,7.3959471384684
2015-06-22 07:30:00,2.765861092482867,9.807161331176768,42.089862823486335,0.0,18.150574366251664
2015-06-22 07:45:00,1.7805780420907,10.166408538818333,42.08864084879567,0.0,55.34333546956367
2015-06-22 08:00:00,2.7888767159741668,11.377592722575,39.546802520752,0.0,101.04928080241068
2015-06-22 08:15:00,3.0455408795369667,12.242044130961,36.481098175048665,0.0,156.94549560547
2015-06-22 08:30:00,2.9054765633049,12.508112589518332,36.944323221842,0.0,217.40269470215
2015-06-22 08:45:00,2.421577015517866,13.631004015604669,35.218214670817,0.0,280.26486206054665
2015-06-22 09:00:00,2.455603215164833,14.597053527832,31.437931696573667,0.0,338.55227661133
2015-06-22 09:15:00,2.599840301385233,15.007467587789,30.281779607137,0.0,393.90050252278667
2015-06-22 09:30:00,2.4795733967679,15.685349782308,30.257476806640668,0.0,440.53565470377663
2015-06-22 09:45:00,2.4185539979712334,16.125656763712332,29.945691426595,0.0,479.1829732259134
2015-06-22 10:00:00,2.594435877692533,17.039025624593332,28.878557840983333,0.0,525.5352986653634
2015-06-22 10:15:00,3.0609234819603,17.52485911051433,27.05776341756167,0.0,565.9041951497401
2015-06-22 10:30:00,2.4920839801988666,18.561161677043,23.03454399108867,0.0,598.5480753580733
2015-06-22 10:45:00,2.9404816486085337,19.188002268473333,19.981845855713,0.0,626.0550740559867
2015-06-22 11:00:00,2.6584532600651,20.201650619506665,17.941172917684,0.0,648.4128621419267
2015-06-22 11:15:00,3.406556081978467,20.602024078369,16.146430969238335,0.0,672.42032877604
2015-06-22 11:30:00,3.4270028756796336,21.192037582397333,14.412597974141669,0.0,697.2471313476534
2015-06-22 11:45:00,2.9895893807544667,21.536636352539,13.334469795227,0.0,713.6133015950533
2015-06-22 12:00:00,3.535563507001233,22.18929481506333,12.948274294535333,0.0,723.79022216797
2015-06-22 12:15:00,3.1552236685352333,22.423147201538,12.209961255391336,0.0,728.91241455078
2015-06-22 12:30:00,4.2098829605166,22.618954976399664,11.989276885986332,0.0,731.4886474609366
2015-06-22 12:45:00,3.9709555639712,23.067036946614667,11.165709495544334,0.0,730.8093872070334
2015-06-22 13:00:00,4.373184011573167,23.201247533162668,10.412295659383,0.0,716.03127034505
2015-06-22 13:15:00,3.927149205627433,23.68732134501133,10.732499122619666,0.0,705.0533854166666
2015-06-22 13:30:00,4.118791713977167,23.753843943278,10.933185895284,0.0,690.8915608723968
2015-06-22 13:45:00,3.5749944394022664,23.863898595174003,10.703459421793667,0.0,671.8380126953133
2015-06-22 14:00:00,3.4768467920049004,24.107074101766,10.91397857666,0.0,646.50028483073
2015-06-22 14:15:00,3.0777502840061,24.50256474812833,11.177283604939667,0.0,615.6519368489567
2015-06-22 14:30:00,2.7321983931567,24.99682744344067,10.997573852539333,0.0,583.3760986328133
2015-06-22 14:45:00,2.594168495457367,24.575448989868,10.993699391683,0.0,540.7737630208334
2015-06-22 15:00:00,2.9113451971728,24.911825180053665,10.782771746317666,0.0,514.4747111002599
2015-06-22 15:15:00,2.547723900970467,24.910899480184,11.164807001749669,0.0,487.85968017578335
2015-06-22 15:30:00,3.206297030983633,24.897754033406333,11.036335627238,0.0,445.77550252278667
2015-06-22 15:45:00,3.775463210611333,24.57023620605467,11.373289744059337,0.0,401.16765340169
2015-06-22 16:00:00,3.5340128136615667,24.43098322550433,11.408291816711667,0.0,352.10997517903667
2015-06-22 16:15:00,3.277962975795733,24.07153511047333,11.659776369730666,0.0,299.67823282877663
2015-06-22 16:30:00,2.6561685018240664,23.898646672566667,11.905563354492337,0.0,243.47337849935
2015-06-22 16:45:00,2.528919547683733,23.508109410603662,11.969531377156663,0.0,189.03897094726668
2015-06-22 17:00:00,2.2263666585808,22.79190508524567,12.43967183431,0.0,125.65897623698132
2015-06-22 17:15:00,2.211975922391567,22.058084487915,12.938165982564334,0.0,38.486431757609004
2015-06-22 17:30:00,2.135924794127767,21.18418757120767,13.612830797831334,0.0,21.51782035827633
2015-06-22 17:45:00,2.007774837795566,20.271662394206,14.373409589131668,0.0,13.81858698527
2015-06-22 18:00:00,1.8117721799650333,18.80609893798833,15.979195912678998,0.0,8.514960130055734
2015-06-22 18:15:00,1.3599455198256336,17.40305709838867,18.351455052693662,0.0,6.274468739827467
2015-06-22 18:30:00,1.6783597915630333,16.27317428588867,20.748842875162666,0.0,4.716473738352433
2015-06-22 18:45:00,1.8115253723866327,15.500312805175668,22.703420003255,0.0,3.5932145913442
2015-06-22 19:00:00,1.2678849023044665,14.866765340169332,23.246788024902,0.0,3.7678442796071336
2015-06-22 19:15:00,1.1848125841029666,14.431475639343333,24.015374501545995,0.0,3.733999331792168
2015-06-22 19:30:00,1.1086180072126668,13.286361058552998,28.375459671020334,0.0,4.777982076009134
2015-06-22 19:45:00,1.2772317348871,12.160077730814669,30.304385503133,0.0,3.657031933466633
2015-06-22 20:00:00,1.2862886899821,12.321557044983,30.35546429952,0.0,2.874512831370033
2015-06-22 20:15:00,1.3125629240859331,11.815832138061666,32.38102277119933,0.0,3.5754652023315336
2015-06-22 20:30:00,1.6029620631834665,11.656768798828333,32.749435424804666,0.0,2.681324481964133
2015-06-22 20:45:00,1.5820695588375668,12.478045781453332,29.611650466919,0.0,2.010198672612533
2015-06-22 21:00:00,1.7020275786930668,13.879591623942334,25.92114575703933,0.0,1.5985948642094667
2015-06-22 21:15:00,1.6052294698362335,14.292261441548668,24.52216529846167,0.0,1.8244342406590668
2015-06-22 21:30:00,1.6186444109824334,15.193131446838334,21.87526257832867,0.0,1.3210937579472668
2015-06-22 21:45:00,2.0893350732526668,16.578914642334333,19.527985890706333,0.0,1.2669045925140667
2015-06-22 22:00:00,2.0909830326201,16.296968460082997,20.217431386312,0.0,1.8660502036412667
2015-06-22 22:15:00,1.550137956386867,16.547470728556334,19.28783035278333,0.0,2.090424338976533
2015-06-22 22:30:00,1.6075016448644,16.916201909383002,18.368506113688333,0.0,2.1595278978347667
2015-06-22 22:45:00,2.7374248858045003,17.743555704752666,17.137639999389666,0.0,1.4053986072540334
2015-06-22 23:00:00,2.6202369388415003,17.135409037271998,18.50624211629233,0.0,3.1772854328155664
2015-06-22 23:15:00,2.4126895143559337,16.056496302286668,20.361890792846665,0.0,4.103529850641867
2015-06-22 23:30:00,3.177904357806533,15.712522188822334,20.949424743652333,0.0,2.8671745459238664
2015-06-22 23:45:00,2.972245474887867,15.727608680725,21.352120081583667,0.0,2.5262060960134
2015-06-23 00:00:00,2.717662177366233,15.59347820282,21.626204172770333,0.0,2.2400735219319667
2015-06-23 00:15:00,2.6625711937364,15.378267288207669,21.89293924967467,0.0,2.851053953170767
2015-06-23 00:30:00,2.1763582774559667,15.158250808715666,22.23063850402833,0.0,3.0598134994506663
2015-06-23 00:45:00,1.6554885438823668,14.779115358988332,22.85727310180667,0.0,3.195155461629233
2015-06-23 01:00:00,1.4223031764229033,14.223839441935333,23.712512334188,0.0,3.628649314244567
2015-06-23 01:15:00,0.8630578225661933,13.569544156392332,24.614340464274,0.0,3.7504732608795
2015-06-23 01:30:00,1.3306372081933,13.175950686136666,25.708698272705004,0.0,3.4128979047139665
2015-06-23 01:45:00,1.1739026957259335,12.392184893290334,27.47128359476733,0.0,3.5361084143320665
2015-06-23 02:00:00,0.7482696929764733,11.112119038899666,31.41588528951033,0.0,4.685348033905034
2015-06-23 02:15:00,0.65536671765812,10.070664405822766,34.69616317749033,0.0,4.505543152491267
2015-06-23 02:30:00,0.7471408794424533,9.004483540852833,38.33653259277333,0.0,4.264764785766601
2015-06-23 02:45:00,0.9977144699611769,8.648922920227035,38.958902994791664,0.0,3.6205305258432654
2015-06-23 03:00:00,0.83502809781456,8.2391923268636,41.51032892862933,0.0,3.4986919562022
2015-06-23 03:15:00,0.92827290604417,7.944846947987866,42.44338353474934,0.0,3.1319153308868333
2015-06-23 03:30:00,1.2831446086823333,7.431890328725167,44.86642583211267,0.0,3.653984467188533
2015-06-23 03:45:00,2.360594218417466,8.796896616617934,38.18588638305666,0.0,1.4250644842783666
2015-06-23 04:00:00,2.7508107751821,12.272775332132667,27.64132436116533,0.0,1.1802933613459332
2015-06-23 04:15:00,2.850998845733,13.961587270100663,24.029844919840333,0.0,1.2389725446701
2015-06-23 04:30:00,1.7036508131510333,12.809620857238668,27.105663299560334,0.0,3.4114935398102
2015-06-23 04:45:00,1.3401332291135668,11.970298449198332,29.486820220947,0.0,3.3892032305399664
2015-06-23 05:00:00,1.2493213740510667,10.106883366902531,35.11030960083,0.0,5.1179663340251
2015-06-23 05:15:00,1.6843374357907,10.796426773071266,31.451657613118662,0.0,2.0865132013957
2015-06-23 05:30:00,1.4313743262650334,13.126563707987666,27.112764994303333,0.0,1.9615122079849
2015-06-23 05:45:00,1.1454518969358,10.532620112101334,33.561220804850336,0.0,4.714269002278633
2015-06-23 06:00:00,0.9867147551050034,10.067785580953034,35.353675842285334,0.0,3.678031682968133
2015-06-23 06:15:00,1.4107505287030666,10.079356511433833,35.250024159749,0.0,2.922091404596967
2015-06-23 06:30:00,1.6902717231235334,9.6893800099691,37.882925669352,0.0,2.857525904973333
2015-06-23 06:45:00,1.7012664046945334,10.745346387227334,33.17629241943367,0.0,1.6200370788574332
2015-06-23 07:00:00,1.3803267925167002,12.378477096557669,28.707579930623336,0.0,1.7651096979777332
2015-06-23 07:15:00,1.6093558364677332,13.207532564799,26.801052093506,0.0,4.519419272740699
2015-06-23 07:30:00,1.7206586368554333,14.046772638957,25.248658498128,0.0,14.984765688578063
2015-06-23 07:45:00,1.8394062840894,14.746637980143,24.839753468831333,0.0,50.817918141683
2015-06-23 08:00:00,1.4183571029481998,14.736845652262334,28.386107126871668,0.0,96.94830322265466
2015-06-23 08:15:00,2.055548219559667,15.616232554118,26.077414194743,0.0,150.43472798665334
2015-06-23 08:30:00,2.6550063427759665,16.228078206380335,24.64607747395833,0.0,210.66464742024667
2015-06-23 08:45:00,2.937633957160967,16.829617818196667,23.40478388468433,0.0,269.4562886556
2015-06-23 09:00:00,2.5051439864394,17.876546223958332,22.49388376871733,0.0,326.13875325520667
2015-06-23 09:15:00,3.371573337396633,18.066984812418667,22.196271260579664,0.0,383.58511352539
2015-06-23 09:30:00,1.9361132198426,18.513720194498333,20.718776067098,0.0,427.8880208333333
2015-06-23 09:45:00,2.0825993014885333,19.286285400390668,18.966025670369334,0.0,465.8683878580734
2015-06-23 10:00:00,1.7609829773689667,19.727674484253,17.805425008138002,0.0,511.1058146158866
2015-06-23 10:15:00,1.7027493694429332,20.23758316040033,16.40480422973633,0.0,551.4470214843733
2015-06-23 10:30:00,1.6120572535848667,20.751299540201668,15.308488210042333,0.0,583.3442993164034
2015-06-23 10:45:00,1.8238564353141664,21.008686701456668,15.384023666381667,0.0,612.52421061198
2015-06-23 11:00:00,1.601059128187167,21.695954640706333,14.747496287028,0.0,637.9505208333334
2015-06-23 11:15:00,1.5313528532082,22.18085352579767,14.454578399658333,0.0,657.34200032552
2015-06-23 11:30:00,2.1031264952971,22.047501881917,14.41894308726,0.0,681.9487101237
2015-06-23 11:45:00,2.323721519416833,22.695818583170333,14.240938822428332,0.0,699.3710123697933
2015-06-23 12:00:00,2.1009101720733665,23.393878936767333,13.868769645690668,0.0,709.3901977539067
2015-06-23 12:15:00,1.882822651138,23.896610260009663,13.527968088785668,0.0,716.5713500976567
2015-06-23 12:30:00,2.374378885263466,24.26591936747233,13.188618659973,0.0,721.27567545573
2015-06-23 12:45:00,2.5204674256865,24.74222819010433,12.920218785604,0.0,719.9484049479166
2015-06-23 13:00:00,2.8387163054402667,25.203282674153662,12.777960459391332,0.0,705.2867635091167
2015-06-23 13:15:00,2.905671183663667,25.478796005249,12.850664456685331,0.0,696.49371337891
2015-06-23 13:30:00,3.2305145499846333,25.822017669677667,13.073209762573333,0.0,678.2842407226567
2015-06-23 13:45:00,3.0320037266954003,25.75099817911767,13.035282452901,0.0,659.3902791341167
2015-06-23 14:00:00,3.3592247462743337,26.007593154907,13.16361618042,0.0,635.76277669271
2015-06-23 14:15:00,3.946338207862867,25.79020754496233,13.147418657938667,0.0,609.9376220703133
2015-06-23 14:30:00,2.1812223294219666,26.206706364949667,13.088222821553332,0.0,572.24387613932
2015-06-23 14:45:00,2.6123574634081668,26.233155568441003,13.239975929260334,0.0,530.2933146158866
2015-06-23 15:00:00,2.2408814166819,26.251621246338,13.164509137471333,0.0,506.24095662434667
2015-06-23 15:15:00,2.5501305176938662,26.04599507649733,13.280954043070333,0.0,484.60624186198
2015-06-23 15:30:00,2.6743017504253666,25.69030380249033,13.864890734354669,0.0,441.40672810872337
2015-06-23 15:45:00,2.7802151386725336,25.22367477417,15.424510955810668,0.0,398.05374145508
2015-06-23 16:00:00,3.0024416536038667,24.522254308064664,17.289512634277333,0.0,348.4390563964833
2015-06-23 16:15:00,3.0786935393022,24.18291536966967,19.84838740030933,0.0,294.47180175781
2015-06-23 16:30:00,3.4122870510826,23.49230066935233,22.277915318807,0.0,239.22962443034
2015-06-23 16:45:00,2.7425552162151337,23.194143931071,24.01158396403,0.0,183.41185506185
2015-06-23 17:00:00,2.8800290683613,22.461128870646,25.967039744059,0.0,122.27095286051566
2015-06-23 17:15:00,2.622424651812867,21.719340006510333,28.161238352457666,0.0,38.93004226684567
2015-06-23 17:30:00,2.6452260516243,21.123560587565,29.735792795817,0.0,21.21702893575033
2015-06-23 17:45:00,1.9281295465765,20.22410202026367,32.01136144002266,0.0,13.409607569376334
2015-06-23 18:00:00,1.8060553393806,19.454586664835663,33.711772918701335,0.0,7.4051144917806
2015-06-23 18:15:00,1.3900494216474,18.173803329468,37.669864654541,0.0,5.6662033398946
2015-06-23 18:30:00,1.3297170662724334,17.375476837158335,41.03445434570333,0.0,4.5316197077433324
2015-06-23 18:45:00,1.6136525842164335,16.908055623372334,42.597892761230334,0.0,3.6947891712188654
2015-06-23 19:00:00,1.5136368816057668,16.056014696757334,45.43613688151066,0.0,3.879800637563066
2015-06-23 19:15:00,1.7460203893451334,14.960969924926667,48.54106394449866,0.0,4.2053954601288
2015-06-23 19:30:00,1.16136151521955,13.915388425191331,52.56513214111334,0.0,4.076849222183234
2015-06-23 19:45:00,0.5832255578784933,13.226741154988332,55.266653696696,0.0,4.179422299067166
2015-06-23 20:00:00,0.6154334170408267,12.74543094635,57.19259643554667,0.0,3.8359468777974666
2015-06-23 20:15:00,0.6817902835923834,12.350566546122332,58.65985743204734,0.0,3.161779165267967
2015-06-23 20:30:00,0.8890635706442133,12.236766497294,59.380032857259,0.0,2.649959882100433
2015-06-23 20:45:00,0.7523910483986501,12.457091649373334,58.668783823649,0.0,3.0752751032511334
2015-06-23 21:00:00,0.84035969340341,11.386690457662,62.666123708089664,0.0,3.5967793464661
2015-06-23 21:15:00,1.0161054315919935,11.573506673177,62.97241465250666,0.0,2.4100351333618333
2015-06-23 21:30:00,0.9689648750553266,11.833138783773,61.71718724568666,0.0,2.8672014077504664
2015-06-23 21:45:00,0.8606567910232666,11.831584612528331,61.44529851277667,0.0,2.4214917818705
2015-06-23 22:00:00,0.8235797362306934,11.10285282135,64.08174133300766,0.0,3.3206941286722995
2015-06-23 22:15:00,0.8413011605587001,10.41251595815,67.17183939615866,0.0,3.3722091515859005
2015-06-23 22:30:00,1.0005265089723334,10.232913335164334,68.31013488769533,0.0,2.821667353312167
2015-06-23 22:45:00,1.1914373145326,10.274508794148666,68.29002126057934,0.0,2.7102104822794666
2015-06-23 23:00:00,1.4619532995614666,10.0997851689658,68.48110961914067,0.0,2.7425242265065664
2015-06-23 23:15:00,2.0486005641517333,12.962744077046668,55.95868937174467,0.0,1.2075797319412
2015-06-23 23:30:00,1.8524005485617667,13.034975051880002,53.10868962605767,0.0,2.2911102771759
2015-06-23 23:45:00,2.1769998005533,12.535631497701,51.82456843058301,0.0,2.8970950444539336
2015-06-24 00:00:00,1.8561042075446668,11.838368097941334,51.93503443400067,0.0,3.8322129249572665
2015-06-24 00:15:00,1.1598052587752334,11.135555267334,53.30209859212234,0.0,3.7812354564667
2015-06-24 00:30:00,0.9303339480061468,9.9461447397869,56.84679539998367,0.0,4.1788201332092
2015-06-24 00:45:00,0.7990144128112799,9.056940396626766,59.84708786010733,0.0,3.9953270753224666
2015-06-24 01:00:00,0.8037891681176833,9.068018277486166,58.466836293538,0.0,3.0401786963144666
2015-06-24 01:15:00,1.0634832148046631,9.4453830718994,55.59937540690101,0.0,2.387536048889167
2015-06-24 01:30:00,0.6972663770796433,9.888319015503134,53.091320037842,0.0,2.914023677508033
2015-06-24 01:45:00,0.7675501553010967,8.504562060038268,58.09326553344733,0.0,3.6026227474212664
2015-06-24 02:00:00,0.8065035216606468,7.8381903966268,60.24942270914733,0.0,3.8347455660502
2015-06-24 02:15:00,0.82303452990119,7.1916987101237,61.758953094482,0.0,3.220094283421833
2015-06-24 02:30:00,1.11381379240595,7.029337882995601,62.96076711018867,0.0,3.3267904122670333
2015-06-24 02:45:00,1.02465058106105,6.483247439066534,66.58337148030567,0.0,3.590538819630934
2015-06-24 03:00:00,0.8030194949315366,5.9982523918152,68.52197774251333,0.0,3.425733327865567
2015-06-24 03:15:00,0.8867007302560866,6.080995400746667,67.92082977294933,0.0,2.921544790267967
2015-06-24 03:30:00,0.85082075844623,6.0678839683533,67.97512817382834,0.0,2.7429314454396665
2015-06-24 03:45:00,0.9489074986781932,5.6883896191915,69.73377482096367,0.0,3.2967061201731336
2015-06-24 04:00:00,1.0223002576583131,5.296044031778966,71.54165649414034,0.0,3.541512966156
2015-06-24 04:15:00,1.4099980084228667,4.973349730173733,73.31087239583333,0.0,3.1592546304066667
2015-06-24 04:30:00,1.4867671303968668,4.733195304870599,75.24401092529301,0.0,2.9645407994588004
2015-06-24 04:45:00,1.0046131612180134,4.703574498494467,75.91802724202466,0.0,3.1054487228393666
2015-06-24 05:00:00,0.7649817449514066,4.824818611145034,76.28577931721999,0.0,2.5389603773752665
2015-06-24 05:15:00,0.7421660841654134,4.6235410372416,76.627352396647,0.0,3.0286809603373333
2015-06-24 05:30:00,0.6850022700899433,4.1665778160095,78.49413808186866,0.0,2.9079806804657
2015-06-24 05:45:00,0.64426388668402,4.145299275716133,79.845189412435,0.0,2.3775472640991
2015-06-24 06:00:00,0.5695620541268199,4.365070184071867,79.02742004394533,0.0,2.5624444484710667
2015-06-24 06:15:00,0.7340194472549767,4.710596402486167,79.24985758463566,0.0,1.6052593390147
2015-06-24 06:30:00,0.6949727222863834,5.7434120178222665,74.46296183268232,0.0,2.186843792597467
2015-06-24 06:45:00,0.7995102576251033,5.620162169138567,75.425168355306,0.0,2.4090705712636336
2015-06-24 07:00:00,0.6932957553019534,5.468198299407966,77.31953684488933,0.0,3.1941799322764
2015-06-24 07:15:00,0.7040742263700167,5.1954739888509,78.50775909423832,0.0,8.088404655456367
2015-06-24 07:30:00,1.0194966295315533,4.918724854787167,79.99978892008433,0.0,18.58894189198833
2015-06-24 07:45:00,1.2322614514303334,6.021231810251834,75.740712483724,0.0,38.63979403177867
2015-06-24 08:00:00,0.9422432304692132,6.656406402587867,74.44630686442066,0.0,60.54043960571301
2015-06-24 08:15:00,0.8497597507688234,7.687795321146666,72.22207895914734,0.0,76.53462982177767
2015-06-24 08:30:00,1.2906457046976334,8.701093991597501,68.427538553874,0.0,115.02536265055332
2015-06-24 08:45:00,1.676873338836333,9.543948173522969,64.23809814453134,0.0,149.37368265787666
2015-06-24 09:00:00,1.8812206977628,10.471413930257333,61.54809697469067,0.0,167.53092956543
2015-06-24 09:15:00,1.7688753892282,11.15656598409,61.12973531087234,0.0,236.96530151367
2015-06-24 09:30:00,2.6168169098914333,11.521490097046,63.37631225585934,0.0,248.60095214843668
2015-06-24 09:45:00,3.4233265465520333,11.730807622273666,63.674289703369006,0.0,345.68660481770667
2015-06-24 10:00:00,3.9791951400502334,12.011597315470668,64.47858301798499,0.0,339.2539978027333
2015-06-24 10:15:00,3.574620651753133,12.135475794474669,64.90576934814466,0.0,272.56296793619333
2015-06-24 10:30:00,3.5791377161058,12.140574773152666,65.27898661295568,0.0,233.28471883137664
2015-06-24 10:45:00,3.633563158154767,12.196884791056,65.17412821451833,0.0,293.72050984700667
2015-06-24 11:00:00,3.5554231724058667,12.764066696166664,62.809977213541664,0.0,419.93492635091
2015-06-24 11:15:00,3.1947818459167667,13.355894724528,60.177886962891,0.0,484.9740091959633
2015-06-24 11:30:00,3.7351156021919336,13.43061987559,59.705799102783,0.0,501.7567850748701
2015-06-24 11:45:00,3.553362086292267,13.845705032348668,58.598421732584335,0.0,609.34065755208
2015-06-24 12:00:00,4.071810059135434,14.056539535522331,56.50674947102866,0.0,614.39764404297
2015-06-24 12:15:00,3.538927419237133,14.381670633951666,55.174132029215336,0.0,714.2050984700533
2015-06-24 12:30:00,4.6391692010943,14.637381235758331,52.632101694743,0.0,770.9965006510433
2015-06-24 12:45:00,3.2370264730148333,14.98614915212,52.274274190267,0.0,711.0582071940099
2015-06-24 13:00:00,3.8144150095882665,15.042688051859663,51.424541473388665,0.0,709.7842814127599
2015-06-24 13:15:00,4.4317470789178,15.218808174133663,49.82674916585267,0.0,709.6780395507834
2015-06-24 13:30:00,4.579245822212866,15.670676549275669,48.227506001790005,0.0,684.2569783528667
2015-06-24 13:45:00,4.452451806406667,15.891615867614666,46.915865580241,0.0,667.8967081705733
2015-06-24 14:00:00,4.0399147493197,15.924494743347331,46.29308064778633,0.0,643.2298990885433
2015-06-24 14:15:00,3.619802156579333,16.470913569132666,45.56602223714166,0.0,611.1681111653634
2015-06-24 14:30:00,3.3083769103215666,16.472609202067,44.84398015340168,0.0,579.90938313802
2015-06-24 14:45:00,3.241310770005533,16.628108342489,43.43909835815433,0.0,534.4600626627599
2015-06-24 15:00:00,3.662262950028733,16.84686088562,42.040724436442,0.0,510.3802083333333
2015-06-24 15:15:00,3.586380966636633,16.902770360311,41.903293609619,0.0,484.7203776041667
2015-06-24 15:30:00,3.392611497950233,16.741204579671333,41.64881261189767,0.0,443.45672607422
2015-06-24 15:45:00,3.5148728197288333,16.806859970092667,41.38786697387667,0.0,399.52044677734665
2015-06-24 16:00:00,3.4148520838330665,16.454303741455334,41.77883911132833,0.0,350.73159790039
2015-06-24 16:15:00,3.719589860203401,16.271266301473002,42.37684122721333,0.0,297.18948364258
2015-06-24 16:30:00,3.4046020194015334,15.952487309774,43.99594497680667,0.0,241.4581044515
2015-06-24 16:45:00,3.3472564772415,15.632883707682334,45.72566223144533,0.0,187.55890909830669
2015-06-24 17:00:00,3.727707312890367,15.123415311177332,47.95182800292967,0.0,128.14712524413935
2015-06-24 17:15:00,3.3292054389642,14.651307423909666,49.117603302002,0.0,37.69661966959666
2015-06-24 17:30:00,3.260264090871833,14.186465899149333,51.17898305257168,0.0,20.529049555460663
2015-06-24 17:45:00,2.8947786247991,13.699201265970666,52.77636845906567,0.0,12.377759297688668
2015-06-24 18:00:00,3.243539102471033,13.265010197957332,53.85438028971333,0.0,6.3260696729024
2015-06-24 18:15:00,3.6018717405389338,12.924517949422333,56.060282389323,0.0,3.6756707032521336
2015-06-24 18:30:00,3.427808201302233,12.439251899719332,58.24929300944033,0.0,3.585778713226333
2015-06-24 18:45:00,2.7325041873048,11.935480435689334,60.095644632975336,0.0,3.7010637124379664
2015-06-24 19:00:00,1.9304654765497664,11.450422922770334,61.55390167236334,0.0,3.6944943269093664
2015-06-24 19:15:00,1.6810337905216002,10.991062482197998,63.015519460042334,0.0,3.5814700126648
2015-06-24 19:30:00,1.5947434591258334,10.404214223225669,65.22297668457033,0.0,3.7505543231964
2015-06-24 19:45:00,1.5010563178507332,10.205833435058668,66.29016876220699,0.0,3.2496167818705
2015-06-24 20:00:00,0.9841729019572032,9.421435356140131,69.14122772216767,0.0,4.3544980684916
2015-06-24 20:15:00,0.8759758151079833,8.372795104980433,73.31830342610668,0.0,4.2117551167806
2015-06-24 20:30:00,0.7511249122759501,7.429292996724434,76.358945210775,0.0,4.058294455210366
2015-06-24 20:45:00,0.72071726935657,6.9858331680298,78.398592631022,0.0,3.8258557319641
2015-06-24 21:00:00,0.6145943375016866,6.604289531707766,79.32285817464233,0.0,3.757867813110333
2015-06-24 21:15:00,0.8104914287991534,6.145535310109466,81.84649149576833,0.0,3.2860417366028
2015-06-24 21:30:00,0.9321682051512332,6.237312952677399,81.81494140625,0.0,2.5309062004089333
2015-06-24 21:45:00,1.1609482339426669,6.694763183593767,77.90727488199867,0.0,2.386065363883967
2015-06-24 22:00:00,1.2057959524911332,6.5969688097636,77.25168355306033,0.0,2.7677102088928334
2015-06-24 22:15:00,1.2739128573077665,6.621413071950268,76.88889058431,0.0,2.6819609800974664
2015-06-24 22:30:00,1.560414335186333,6.494267940521233,77.24554951985667,0.0,2.5348106225331666
2015-06-24 22:45:00,1.5984922852201666,6.4792262713114335,77.06774393717467,0.0,2.9166058699289668
2015-06-24 23:00:00,1.7867784312617,5.950233459472632,78.830642700195,0.0,3.0170655250549334
2015-06-24 23:15:00,1.3118570941481569,5.8466165860494,79.68950144449867,0.0,2.8776073455810334
2015-06-24 23:30:00,0.9809198765250668,5.494072119394933,81.25380961100234,0.0,3.203606685002633
2015-06-24 23:45:00,1.0004776772761466,5.2230911254883,82.81780242919933,0.0,2.894862095514933
2015-06-25 00:00:00,1.0207922147874666,4.886905034383133,84.18168640136733,0.0,3.1832242012024
2015-06-25 00:15:00,1.0186643493424867,4.6349385579427,85.543655395508,0.0,2.883904457092267
2015-06-25 00:30:00,1.0133039668947934,4.4074322382609,86.422597249349,0.0,3.1095236937204667
2015-06-25 00:45:00,1.0579411484239667,4.664717992146834,85.28925323486334,0.0,2.6271320184071665
2015-06-25 01:00:00,1.03353143740351,4.9527433713277,82.76732126871767,0.0,2.5443937778473003
2015-06-25 01:15:00,1.0693964859644531,4.846776962280266,82.51317596435534,0.0,2.6375040213267003
2015-06-25 01:30:00,0.932171052931,4.6881168683370005,82.65002950032567,0.0,2.911553780237867
2015-06-25 01:45:00,1.01428940906764,4.469964504241934,83.55671691894533,0.0,2.8742175102234
2015-06-25 02:00:00,1.228959682605267,4.1432952086130665,84.158902486165,0.0,3.2062004407247
2015-06-25 02:15:00,1.263092839561467,3.7626156012217336,85.69208526611334,0.0,2.8584957917531333
2015-06-25 02:30:00,1.0662063545207998,3.6061994234721,85.42010498046899,0.0,3.164425611496
2015-06-25 02:45:00,1.4916962618567335,3.0988152821858663,87.381248474121,0.0,2.9351206620534334
2015-06-25 03:00:00,1.8785442263132663,3.028429269790633,88.07268524169933,0.0,2.823126951853433
2015-06-25 03:15:00,1.4980757520906334,3.2093972365061334,87.704879760742,0.0,2.7063408692678
2015-06-25 03:30:00,0.9088276698586166,3.2589046955109,87.66763051350934,0.0,2.1642233928044665
2015-06-25 03:45:00,0.9567558030649866,3.4714479446411004,86.68477630615234,0.0,1.9688626925150663
2015-06-25 04:00:00,0.8958985731833766,3.8740413983663,85.33655802408866,0.0,2.1062767505645668
2015-06-25 04:15:00,0.8396242598017066,4.110994338989233,84.17905426025366,0.0,2.401740789413433
2015-06-25 04:30:00,0.7990786755000766,3.7888219356537,85.28064473470066,0.0,3.1708095868428665
2015-06-25 04:45:00,0.7853394406752567,4.0047572453817,85.67680867513035,0.0,1.5291523536046334
2015-06-25 05:00:00,0.8143626652711232,4.716029485066733,83.77905019124367,0.0,1.5556173324585
2015-06-25 05:15:00,0.8767099020851434,5.199203014373766,82.22370402018232,0.0,1.7325365940730002
2015-06-25 05:30:00,0.93710334123197,5.532083511352533,80.06192779541,0.0,1.9083470900853328
2015-06-25 05:45:00,1.04486586572156,5.711384455362933,79.334063212077,0.0,2.2211219469706
2015-06-25 06:00:00,1.2591518655993337,5.786550045013432,79.44525909423834,0.0,2.3958770434062
2015-06-25 06:15:00,1.1650639158811666,5.8422155380249,79.48731740315766,0.0,2.3352800210317
2015-06-25 06:30:00,1.0171539664356133,5.926199595133433,79.20499420166034,0.0,2.4457404613494664
2015-06-25 06:45:00,1.3693546282739666,5.965422630310067,78.93329874674467,0.0,2.6990963617960664
2015-06-25 07:00:00,1.5682853335078668,5.924330075581866,78.574900309245,0.0,3.0081192652384665
2015-06-25 07:15:00,1.3285889481264668,6.050036112467467,78.74148050944034,0.0,5.314119974772133
2015-06-25 07:30:00,0.8533314184716566,6.320388158162399,77.66901906331367,0.0,15.081949869792
2015-06-25 07:45:00,1.2988225413189167,6.744858105977367,76.25127410888666,0.0,33.24325052897133
2015-06-25 08:00:00,2.2621799835141334,7.339505990346267,73.26155344645167,0.0,58.059772491455
2015-06-25 08:15:00,2.052428554108,7.905009110768634,70.91734059651701,0.0,82.49667358398433
2015-06-25 08:30:00,2.4433151117674665,8.452937761942566,68.654342651367,0.0,108.94829050700066
2015-06-25 08:45:00,2.6918947597547995,9.013732592264832,66.311269124349,0.0,240.89833577474
2015-06-25 09:00:00,2.8724374615167,9.795535723368332,63.081132253011,0.0,294.25521850586
2015-06-25 09:15:00,4.0380321240705,10.569295247396,60.42093276977533,0.0,397.5840555826833
2015-06-25 09:30:00,3.848384915914533,10.914765993754337,58.81449127197266,0.0,366.54418945312665
2015-06-25 09:45:00,4.042492762647633,11.343139012654667,57.10059229532866,0.0,472.93212890624665
2015-06-25 10:00:00,4.266657004055033,11.522156397501666,56.278818766276,0.0,484.32299804687335
2015-06-25 10:15:00,5.326242292731,11.428754488627334,55.524304707845,0.0,450.9667358398433
2015-06-25 10:30:00,4.884651612655,11.410682678222663,55.700782775879,0.0,499.45983886719
2015-06-25 10:45:00,4.5416588382384,12.552158037821334,52.033664703369,0.0,704.9474080403634
2015-06-25 11:00:00,4.902151726967467,12.779511133829669,50.51722462972,0.0,614.34509277344
2015-06-25 11:15:00,5.165614269297301,12.750523249308,49.98069000244133,0.0,586.7336934407566
2015-06-25 11:30:00,4.886740602595,13.387329737345333,48.412473042806,0.0,694.6693115234366
2015-06-25 11:45:00,5.1543518964297,13.527540206909,47.07167434692367,0.0,677.2452799479166
2015-06-25 12:00:00,4.9505590377496,13.688790639241333,46.491010030110665,0.0,722.26359049479
2015-06-25 12:15:00,4.490947077590934,13.701423645019334,46.429197947184,0.0,731.55057779948
2015-06-25 12:30:00,4.428472088052733,13.928445498148667,44.84018834431967,0.0,732.0574951171899
2015-06-25 12:45:00,4.299185713069266,14.043744405110669,44.175624847412,0.0,729.6189778645834
2015-06-25 13:00:00,4.8424160807915,14.384998321533,43.31111526489233,0.0,714.5512084960966
2015-06-25 13:15:00,3.9833883963922,14.687993049621332,42.55111440022767,0.0,704.4212646484399
2015-06-25 13:30:00,4.398181071648267,15.081700007120666,41.293073018392,0.0,686.5898437499967
2015-06-25 13:45:00,4.203990573074967,14.842315038045331,41.99784088134766,0.0,667.55196126302
2015-06-25 14:00:00,4.345387473623901,15.205172538757331,41.00748443603499,0.0,643.68444824219
2015-06-25 14:15:00,3.729927874670033,15.393595059712666,39.66285196940101,0.0,614.8155110677067
2015-06-25 14:30:00,4.3939414561011,15.765541394551668,38.44186528523767,0.0,582.5998738606767
2015-06-25 14:45:00,4.4008995754439,15.665723482767666,39.043876647949,0.0,539.6924438476534
2015-06-25 15:00:00,4.2176441095975,15.697420120239334,39.27753194173167,0.0,514.0447794596366
2015-06-25 15:15:00,4.4107628716488,15.836304028829,38.884202321370665,0.0,489.4242960611967
2015-06-25 15:30:00,5.1196202862854,15.584008216858,39.71175893147767,0.0,447.92397054036337
2015-06-25 15:45:00,4.6554554989586,15.476653099060334,40.298483530680336,0.0,402.1665445963533
2015-06-25 16:00:00,5.053494575561533,15.316723823547669,40.74762090047167,0.0,352.7629292806
2015-06-25 16:15:00,5.264066562900534,15.098794301350669,41.24416351318367,0.0,299.30464680989667
2015-06-25 16:30:00,6.0727365826772335,14.705010096232,42.37961451212567,0.0,245.02275085449327
2015-06-25 16:45:00,5.6988894171333335,14.49907207489,43.28118387858067,0.0,187.94788106282667
2015-06-25 17:00:00,4.479793847538001,14.281482696533669,44.16570790608733,0.0,131.24496459960667
2015-06-25 17:15:00,4.208732722407067,13.977385520935,45.208469390869,0.0,38.82199223836267
2015-06-25 17:30:00,3.7343768572184,13.625355720519666,46.34481048583967,0.0,21.474055608113662
2015-06-25 17:45:00,2.625732756395967,13.184887886047337,47.97159957885734,0.0,12.843104362488
2015-06-25 18:00:00,3.3044827370808663,12.801547686259,49.28236516316733,0.0,6.3380343119303335
2015-06-25 18:15:00,2.316765607655233,12.303703625996668,51.01711400349933,0.0,4.2640732129415
2015-06-25 18:30:00,1.8994720078067668,11.853059450785333,52.65207926432267,0.0,3.759103933970133
2015-06-25 18:45:00,1.6220588768278663,11.172620455423669,54.97434488932267,0.0,4.126739184061667
2015-06-25 19:00:00,1.6132720413688,10.718252182007,56.73720296223967,0.0,3.7218150297800654
2015-06-25 19:15:00,1.206917624499953,10.112070083618336,58.98322804768867,0.0,4.2131961186727
2015-06-25 19:30:00,0.5408273272803633,8.994252204895034,63.21127955118833,0.0,4.7043088277181
2015-06-25 19:45:00,0.5913254492569767,7.951591809590667,67.44967397054033,0.0,4.248119354248067
2015-06-25 20:00:00,0.87735455994781,7.420224507649734,69.817288716634,0.0,3.957338730494168
2015-06-25 20:15:00,1.0222049343020034,6.595050017038967,72.97676595052066,0.0,4.007132768630966
2015-06-25 20:30:00,1.1997457671451566,6.133511384328201,74.76648457845033,0.0,3.627024968465167
2015-06-25 20:45:00,1.02174405757442,6.215435028076134,74.23169962565133,0.0,2.7398978074391667
2015-06-25 21:00:00,1.321815117662433,5.822000821431466,76.20358276367166,0.0,3.1187035242716665
2015-06-25 21:15:00,1.2262515323655,5.3677075703939,79.04399363199833,0.0,3.5484189192454
2015-06-25 21:30:00,1.1379369373105266,5.140139102935767,79.737045288086,0.0,3.1930192311605
2015-06-25 21:45:00,0.8361746934151667,4.807295322418233,80.38220723470067,0.0,3.0542472998301
2015-06-25 22:00:00,0.66036329072372,4.5555346806844,82.56767527262366,0.0,3.1026961803436
2015-06-25 22:15:00,0.6694372552318567,4.455638567606633,84.08607991536466,0.0,2.7789700826009
2015-06-25 22:30:00,0.7305547147855767,4.733412265777567,82.72852071126333,0.0,2.5259672005971
2015-06-25 22:45:00,0.9133149980924932,5.173477172851567,80.611358642578,0.0,2.2899878025055003
2015-06-25 23:00:00,0.8494383048699667,4.6395656267802,82.10809580485034,0.0,3.0518689950307336
2015-06-25 23:15:00,0.61318197120015,4.295525074005099,84.35839080810567,0.0,3.1241691112518666
2015-06-25 23:30:00,0.9093463410620634,3.986769358317067,85.17235565185534,0.0,2.6815404891967667
2015-06-25 23:45:00,0.8110522648035833,4.3728801409403335,85.13869222005233,0.0,2.3709513346354
2015-06-26 00:00:00,0.6968842116598201,4.279796759287533,84.15879313151034,0.0,2.8484140237172664
2015-06-26 00:15:00,0.8011457220829333,3.827570041020733,85.70549265543633,0.0,3.5827049414317003
2015-06-26 00:30:00,0.8038331210594167,3.2493028640747,87.8154296875,0.0,3.5364154179891
2015-06-26 00:45:00,0.7819653073383966,2.733925819396967,89.25866190592433,0.0,3.583023468653367
2015-06-26 01:00:00,0.7835278112374966,2.214631716410333,90.51427205403634,0.0,3.617595831553167
2015-06-26 01:15:00,1.1751119866326667,2.0881203810374003,92.45049285888666,0.0,3.0445150534312
2015-06-26 01:30:00,1.2678238626842333,1.8811299403508333,92.47834014892568,0.0,3.1061340173085337
2015-06-26 01:45:00,0.72456747861759,1.8163694540659328,94.26695251464866,0.0,2.581721385320033
2015-06-26 02:00:00,0.6509851436017334,2.028835773468,97.64401245117166,0.0,2.105860273043333
2015-06-26 02:15:00,0.6550769395116167,2.1694909731547,97.32881418863931,0.0,2.5186367034912336
2015-06-26 02:30:00,0.9186889350887834,1.8904020388921,97.595563252767,0.0,2.7225023905436334
2015-06-26 02:45:00,0.76427251533858,2.0432357788085667,99.751942952474,0.0,3.0684142112732005
2015-06-26 03:00:00,0.6726792206821467,1.9457579851150664,99.761154174805,0.0,2.413868625958733
2015-06-26 03:15:00,0.5873049030303966,1.7674789031346665,99.87456258138032,0.0,2.924661000569667
2015-06-26 03:30:00,0.7239419494460434,1.5785324573516668,100.0,0.0,3.1486011346181333
2015-06-26 03:45:00,0.8880516154211366,1.5191372632980336,100.0,0.0,2.9011120796203334
2015-06-26 04:00:00,0.7343761482256266,1.4086672067642,100.0,0.0,3.0156533718109
2015-06-26 04:15:00,1.1775120026882333,1.4676321347554666,100.0,0.0,2.4110125700633
2015-06-26 04:30:00,1.2374113410104333,1.6853134234746332,100.0,0.0,1.7662474711735998
2015-06-26 04:45:00,1.0587107774585134,1.9742009242375669,100.0,0.0,2.311703999837233
2015-06-26 05:00:00,1.4300265096378333,2.3531866868337,100.0,0.0,1.9393260081609
2015-06-26 05:15:00,1.6338320398340336,2.7422607739766662,100.0,0.0,2.1950551668803
2015-06-26 05:30:00,1.5343363550513331,2.770716269811,100.0,0.0,2.6853750546773334
2015-06-26 05:45:00,1.0062386474088,2.6070568561554004,100.0,0.0,3.648381312688167
2015-06-26 06:00:00,1.0692799477527934,2.3297814528147334,100.0,0.0,3.299778381983433
2015-06-26 06:15:00,0.9458424046338432,2.2259439627329334,100.0,0.0,2.984660307566333
2015-06-26 06:30:00,1.2701429708887666,2.3707146644592334,100.0,0.0,1.4685484965642337
2015-06-26 06:45:00,1.2177476205133002,3.3964527448018003,100.0,0.0,1.222485383351667
2015-06-26 07:00:00,1.2146560354945,4.290436108907067,100.0,0.0,2.0629717906316
2015-06-26 07:15:00,1.1352433791824863,4.622420628865567,99.63985951741532,0.0,5.944397290547667
2015-06-26 07:30:00,0.9867304951590132,4.722229321797699,98.25480397542331,0.0,17.643067042032666
2015-06-26 07:45:00,0.9409129861884168,5.1057662963867,96.664016723633,0.0,35.87888844807933
2015-06-26 08:00:00,1.1422987866289,5.3728496233622,92.165178934733,0.0,59.619556427002
2015-06-26 08:15:00,1.1474337308842133,5.907107671101866,90.024154663086,0.0,84.37305959065733
2015-06-26 08:30:00,1.1105723346993,6.231044451395667,87.37717692057299,0.0,119.99401092529332
2015-06-26 08:45:00,1.07586302112518,6.5995618502299,85.09036000569667,0.0,136.49122111002666
2015-06-26 09:00:00,1.2888920463422333,6.880161444346133,83.27900441487667,0.0,145.61342366536667
2015-06-26 09:15:00,1.5613792247782,7.308486938476534,81.415059407552,0.0,202.6839650472033
2015-06-26 09:30:00,1.7024160246814002,7.862138112386066,79.27958679199234,0.0,209.3726755778
2015-06-26 09:45:00,1.5216899612248664,8.415897369384767,77.08646901448567,0.0,224.99358113606664
2015-06-26 10:00:00,0.8294448379686666,8.6063839594523,75.93166351318366,0.0,217.66567484538
2015-06-26 10:15:00,1.2339795015009332,9.176460584004737,74.46524810791033,0.0,245.16636657715
2015-06-26 10:30:00,1.8060856715463,9.9591544469198,71.19689941406267,0.0,211.5325673421233
2015-06-26 10:45:00,3.1177059143072667,10.25922425588,69.231498718262,0.0,251.45729573567667
2015-06-26 11:00:00,2.5889344087302,10.764089902242333,67.03670247395833,0.0,330.85884602864667
2015-06-26 11:15:00,3.129001135983166,11.657059033712,62.427037556966006,0.0,638.4498697916666
2015-06-26 11:30:00,3.2849022865466666,12.495637257893998,58.311092376709006,0.0,788.95723470052
2015-06-26 11:45:00,3.2969487922572664,12.007137616475667,58.74588521321599,0.0,551.62537638346
2015-06-26 12:00:00,2.838246178947467,13.223749160767,53.352263132731,0.0,747.1636555989567
2015-06-26 12:15:00,2.7697059042078664,13.309322039286334,52.467099507649664,0.0,743.251953125
2015-06-26 12:30:00,3.3117983079719333,13.613217353820668,50.96862665812133,0.0,661.3886311848967
2015-06-26 12:45:00,2.927247640817667,14.168401082356668,48.72182210286467,0.0,729.0290527343733
2015-06-26 13:00:00,2.926813630353267,14.412542661031,47.69250106811533,0.0,716.2544759114567
2015-06-26 13:15:00,3.697767831716533,14.716243108113334,46.85905456542967,0.0,709.4828694661468
2015-06-26 13:30:00,3.2793858943354333,14.632319450378333,46.19686889648434,0.0,690.5646769205733
2015-06-26 13:45:00,3.7786271159903335,14.972709973653002,44.519265492757,0.0,674.3978068033833
2015-06-26 14:00:00,4.152865111710233,14.823517163594667,44.03281148274733,0.0,648.1582641601534
2015-06-26 14:15:00,4.0926506853231,15.204058329264331,42.437110900879,0.0,618.52931722005
2015-06-26 14:30:00,3.7438783750159,15.391809781392332,41.597193400065,0.0,584.9522908528634
2015-06-26 14:45:00,2.4272697051639334,15.776897112528331,40.771800994873,0.0,538.6058756510433
2015-06-26 15:00:00,3.237657664632166,15.52375348409,40.867613474528,0.0,517.26389567057
2015-06-26 15:15:00,3.283654649954466,15.52645333608,40.578750610351335,0.0,492.5823160807267
2015-06-26 15:30:00,3.1422481243515,15.460284550984332,41.220584869384666,0.0,449.5383809407567
2015-06-26 15:45:00,3.468425046325033,15.285061518351334,41.214654286702334,0.0,406.66802978515335
2015-06-26 16:00:00,3.4789448771794667,15.310623804728,41.57054265340167,0.0,355.1715087890633
2015-06-26 16:15:00,3.4948406980807003,14.957878112793331,41.92194112141933,0.0,302.9613342285167
2015-06-26 16:30:00,3.0838415303624664,14.83140150706,42.58651860555,0.0,245.1881612141933
2015-06-26 16:45:00,3.3981840510273003,14.617671648661668,42.63003031412767,0.0,191.73762512207
2015-06-26 17:00:00,3.383958309457167,14.282634099324667,44.05220031738266,0.0,135.35600535075
2015-06-26 17:15:00,3.6058713478578,13.853371620178336,45.279031117757,0.0,41.244156519572
2015-06-26 17:30:00,2.9601623233292664,13.496987024943,46.92663574218733,0.0,22.056563695272
2015-06-26 17:45:00,2.9028282605915,13.046297073364,48.59261957804367,0.0,12.901354471842334
2015-06-26 18:00:00,2.7268922509791,12.546053250630331,49.798918406169,0.0,7.1488423347473
2015-06-26 18:15:00,2.1089417940031665,12.013571103414,51.057357788086,0.0,4.4299683570862
2015-06-26 18:30:00,1.8412992849702663,11.421844800313332,52.56708908081066,0.0,3.997519652048767
2015-06-26 18:45:00,2.5181122014535333,11.005246162414666,53.94465510050467,0.0,3.423110008239733
2015-06-26 19:00:00,1.983161367030133,10.414254506429032,55.72168604532866,0.0,4.145952145258566
2015-06-26 19:15:00,2.1843060996033667,9.596072832743332,58.565800984700665,0.0,3.961870829264301
2015-06-26 19:30:00,1.7731735498288668,9.494126319885266,59.32578404744466,0.0,2.9455925623576
2015-06-26 19:45:00,1.1892004828795,9.128357251485168,60.38194402058934,0.0,3.5839293003082004
2015-06-26 20:00:00,1.1314770469692332,8.419507026672333,62.92783228556333,0.0,3.6591552893320665
2015-06-26 20:15:00,0.9201027583939334,7.6235669453939,65.42112986246767,0.0,4.0998026529948
2015-06-26 20:30:00,1.04892966950179,7.021402835845966,68.49299112955701,0.0,3.6278270880381336
2015-06-26 20:45:00,1.6106523489077669,7.411658763885501,67.20194498697934,0.0,2.1168648004531665
2015-06-26 21:00:00,0.9943672911907834,7.6030550003052,65.63533782959,0.0,3.061214129130033
2015-06-26 21:15:00,0.9499923261567766,6.658510684967034,69.61200205485034,0.0,3.783950328826867
2015-06-26 21:30:00,1.1054102813468,6.096621831258133,72.09880065917967,0.0,3.5322909355163667
2015-06-26 21:45:00,0.9643062164443232,6.105252106984433,72.10184987386033,0.0,3.1856129169464
2015-06-26 22:00:00,0.9373479412292,5.837810834248834,72.81345876057966,0.0,3.459770123163867
2015-06-26 22:15:00,1.1996519007924666,4.859063784281433,75.56810251871734,0.0,3.3709491093953
2015-06-26 22:30:00,0.88970255502318,4.329375743866,77.84973653157567,0.0,3.5719215075175
2015-06-26 22:45:00,0.9808072678079632,3.7277744611104,80.19549306233733,0.0,3.6567485332489
2015-06-26 23:00:00,0.9575003760528734,3.4776081244151,82.35380299886066,0.0,3.3971874713898003
2015-06-26 23:15:00,1.5451903253965331,3.3339855670929333,83.13830566406233,0.0,2.9169555505116667
2015-06-26 23:30:00,1.4274041239277333,3.1987014611562,83.13681030273433,0.0,3.0002210140228667
2015-06-26 23:45:00,0.8644299446624267,2.877481937408433,84.086664835612,0.0,3.291414658228567
2015-06-27 00:00:00,0.4921582856709133,2.4692685604095668,85.705721537272,0.0,3.503373066584267
2015-06-27 00:15:00,0.7731039770516533,2.2574070294698,87.73271942138666,0.0,3.086378574371333
2015-06-27 00:30:00,0.6546354894986167,1.9786995649337664,88.64654541015632,0.0,3.5080087979634667
2015-06-27 00:45:00,0.6952020458216701,1.6042179663976002,89.94180552164732,0.0,3.165400028228767
2015-06-27 01:00:00,0.5845803283864667,1.4381816784541002,90.24428304036466,0.0,3.2122457027435
2015-06-27 01:15:00,0.7902866301493634,1.4460087617238333,91.66720072428366,0.0,2.3721483548482336
2015-06-27 01:30:00,0.72936050165844,1.4743027687073,90.94826761881534,0.0,3.0191419919331666
2015-06-27 01:45:00,0.6847218631256434,0.9965892831484232,91.44416809082033,0.0,3.2083515326182
2015-06-27 02:00:00,0.4809363777667667,0.7817903558413167,92.53663635253932,0.0,3.0319289366404334
2015-06-27 02:15:00,0.5898995835963867,0.6658764282862334,92.995943705241,0.0,3.1880503495534
2015-06-27 02:30:00,0.5580007858023667,0.4190764824549333,93.63464864095032,0.0,3.1527739365895666
2015-06-27 02:45:00,0.7198480121823932,0.20934250950813,93.80900065104169,0.0,2.9257182280222334
2015-06-27 03:00:00,0.76486973228122,0.1111971884965893,95.36707051595069,0.0,2.6168148517608665
2015-06-27 03:15:00,1.3183203841644666,0.43227464954058,98.20662434895831,0.0,2.259124835332233
2015-06-27 03:30:00,1.276146973636,0.71540770928065,97.85964711507168,0.0,2.0476543108622
2015-06-27 03:45:00,1.1583566439903663,1.0951485037803568,97.78791046142568,0.0,1.6172111829122
2015-06-27 04:00:00,0.9451977467711768,2.0718648433685334,93.668965657552,0.0,1.5635480880737334
2015-06-27 04:15:00,0.9384948017395166,2.6762103239695,90.557393391927,0.0,1.9433053334554
2015-06-27 04:30:00,0.7000876879318533,3.679686864217133,86.877291361491,0.0,1.5496572256088337
2015-06-27 04:45:00,0.57747888183411,4.105829636255867,85.51232910156233,0.0,1.9422422647476327
2015-06-27 05:00:00,0.9605728213426268,4.4475059509277335,83.832684834798,0.0,2.0622195402781
2015-06-27 05:15:00,1.12837680823215,4.816482067108167,81.546880086263,0.0,2.2309878667195666
2015-06-27 05:30:00,1.4427395061892,5.4665608406067,81.84771474202466,0.0,1.8332817554473664
2015-06-27 05:45:00,1.7089993850393332,7.557677745819067,76.19268035888666,0.0,1.2089158296585334
2015-06-27 06:00:00,1.2375574166585668,7.334993521372501,74.24264272054033,0.0,2.177912712097166
2015-06-27 06:15:00,1.4253289534460667,6.582356770833333,75.37051137288434,0.0,2.8727904955546
2015-06-27 06:30:00,1.0402620434276233,6.398736159006766,76.81356048584,0.0,2.6376404762268
2015-06-27 06:45:00,1.21541769516087,6.234268824259466,77.458793640137,0.0,2.7742864290873004
2015-06-27 07:00:00,1.1410054751815832,6.193941434224434,77.995096842448,0.0,3.024687528610233
2015-06-27 07:15:00,1.504688274596233,6.3203943570455,79.01429494222033,0.0,5.1307063102722
2015-06-27 07:30:00,1.8786204320163664,6.619145711263033,78.33192952473966,0.0,13.930534680684632
2015-06-27 07:45:00,1.17933045355192,6.988897800445533,76.51212056477867,0.0,29.51545079549167
2015-06-27 08:00:00,0.84105386731243,7.345636208852134,74.30713144938133,0.0,49.66021474202466
2015-06-27 08:15:00,0.9749732046616968,7.686212857564267,72.31881459554033,0.0,73.77005259196
2015-06-27 08:30:00,1.0415732362826866,8.034809430440268,71.46407318115233,0.0,121.07719421387
2015-06-27 08:45:00,0.98472177287148,8.552256902058934,69.75093841552734,0.0,177.24519856770667
2015-06-27 09:00:00,1.458542674907357,9.255482037862134,68.08401489257834,0.0,224.56860351562327
2015-06-27 09:15:00,1.5838524014164337,9.8913482030233,68.25350189208967,0.0,333.52173360188664
2015-06-27 09:30:00,1.9866076220448663,10.651731808980664,66.28690338134767,0.0,405.54211425781
2015-06-27 09:45:00,2.010241853940633,11.321035703023334,64.09662501017233,0.0,465.18345133463663
2015-06-27 10:00:00,2.940950759614,11.675676345825332,62.33091227213534,0.0,522.3760579427067
2015-06-27 10:15:00,2.6435208276005,12.234827677408669,60.93794377644866,0.0,578.3771972656233
2015-06-27 10:30:00,2.8094084574000333,12.494980812073,59.59585952758766,0.0,551.86983235677
2015-06-27 10:45:00,3.0678113119176,12.876318295797,58.065612792969,0.0,637.38203938802
2015-06-27 11:00:00,3.4624538923861,13.55105082194,55.12525558471666,0.0,734.5368855794267
2015-06-27 11:15:00,4.064413514165866,14.062690416972002,52.629119873047,0.0,634.20306396484
2015-06-27 11:30:00,4.1438955326792,13.575843493143664,54.68522516886367,0.0,473.4764506022133
2015-06-27 11:45:00,4.298649005927399,13.844454765319668,54.40197245279967,0.0,691.2689921061201
2015-06-27 12:00:00,4.489283179487233,14.299504280090666,52.09123738606767,0.0,709.3221435546866
2015-06-27 12:15:00,4.278334932008133,14.860067685445337,49.865909576416,0.0,723.56368001302
2015-06-27 12:30:00,3.3774298737195334,15.222327550252333,47.536544799804666,0.0,740.10675048828
2015-06-27 12:45:00,3.644093673702234,15.378416697184,46.43836466471333,0.0,738.6919759114567
2015-06-27 13:00:00,3.711754006574633,15.619191805521334,45.738489786784,0.0,719.7802124023466
2015-06-27 13:15:00,3.2194650762481665,15.911587397257334,44.14331690470366,0.0,706.7531127929666
2015-06-27 13:30:00,3.430792851087567,16.201369285583336,43.15096918741833,0.0,689.0079142252599
2015-06-27 13:45:00,3.5576871793836005,16.251152674357,42.28740310668967,0.0,669.8557942708334
2015-06-27 14:00:00,3.283236180861767,16.561114629109333,40.996336619059335,0.0,644.0552571614567
2015-06-27 14:15:00,3.2125493424644667,16.542713801066,40.33323923746733,0.0,617.4505411783866
2015-06-27 14:30:00,3.2391102530632003,16.785685857137,39.01093292236333,0.0,582.1482543945334
2015-06-27 14:45:00,3.664985162560767,16.526060740153,39.587201436360665,0.0,539.43135579427
2015-06-27 15:00:00,3.0472297674598665,16.745818456014003,39.17931747436567,0.0,512.4129740397133
2015-06-27 15:15:00,3.531975569424933,16.826523462931334,37.551338195801,0.0,489.3867492675767
2015-06-27 15:30:00,3.1290793726609665,16.861255009969,38.66171137491867,0.0,445.1775716145833
2015-06-27 15:45:00,3.2378114005871,16.704840977986667,38.409745534261,0.0,402.89668782552
2015-06-27 16:00:00,3.4845546942272,16.647521336873336,37.37479909261034,0.0,353.28321329752663
2015-06-27 16:15:00,3.044747563156134,16.593734105428002,38.003327687581,0.0,298.53766886393333
2015-06-27 16:30:00,2.826074017714834,16.481492360433,39.118721008301,0.0,243.61686197916663
2015-06-27 16:45:00,3.273438935486466,16.342234293619665,39.799944559733,0.0,188.97929890950664
2015-06-27 17:00:00,3.848939813525533,15.956801096598332,40.447275797526,0.0,132.97078959146998
2015-06-27 17:15:00,3.666937547376,15.57652759552,42.131450653076335,0.0,40.31604385375967
2015-06-27 17:30:00,3.549659177886967,15.180500666300333,43.56965001424167,0.0,22.828469594319333
2015-06-27 17:45:00,3.1602694927374664,14.732557296753,44.79647954305,0.0,13.403146425883
2015-06-27 18:00:00,2.7524896848379665,14.225715001424334,45.83526229858367,0.0,7.169074535369833
2015-06-27 18:15:00,2.1084366111208666,13.657457669576,47.33575820922834,0.0,4.3922395706177
2015-06-27 18:30:00,1.815097724439633,13.098078091939,48.98778152465834,0.0,3.856127897898367
2015-06-27 18:45:00,1.886225593409533,12.732472419739002,50.04160435994467,0.0,2.952543179194133
2015-06-27 19:00:00,2.1021799727808665,12.699519475301,50.665916442871,0.0,2.5071991284688333
2015-06-27 19:15:00,1.4673836844091666,12.254977544148668,52.47507095336933,0.0,3.9051998456319
2015-06-27 19:30:00,1.3225690066429667,11.42232131958,55.320161183675,0.0,4.247872352600067
2015-06-27 19:45:00,1.2055005339746667,10.564407348632669,58.496172587077005,0.0,4.216549873352033
2015-06-27 20:00:00,0.9578854223661368,9.7771704991659,61.014968872070334,0.0,4.1851307551066
2015-06-27 20:15:00,0.93425041781695,8.654569943745933,64.69135538736967,0.0,4.4914747873942
2015-06-27 20:30:00,0.8343781196812,7.815723419189433,69.48424275716133,0.0,4.416566054026267
2015-06-27 20:45:00,0.9239128448666032,7.438186804453533,70.742388407389,0.0,3.7962239583333335
2015-06-27 21:00:00,0.8736518723006234,7.038732051849366,72.187235514323,0.0,3.5973077615102333
2015-06-27 21:15:00,0.7172688288364433,6.550452550252267,74.270243326823,0.0,3.640817324320467
2015-06-27 21:30:00,1.1606137412389332,6.2422383626302,77.22596995035799,0.0,3.270346800486267
2015-06-27 21:45:00,1.248656362289733,6.1657567024231,76.89615376790367,0.0,2.9759138425191334
2015-06-27 22:00:00,1.2949445054967998,5.851194222768167,77.39177449544268,0.0,3.091439008712767
2015-06-27 22:15:00,0.86417803757143,5.570796012878433,79.29407501220699,0.0,2.7302383581797334
2015-06-27 22:30:00,0.5173874397957333,5.482530275980634,80.30192820231133,0.0,2.8466010093689
2015-06-27 22:45:00,0.72354950773573,5.390111923217766,80.66447957356768,0.0,2.830655256907133
2015-06-27 23:00:00,0.6600666028480533,5.374474684397367,81.27174123128266,0.0,2.7520478566487334
2015-06-27 23:15:00,0.58479053426854,5.224986712137866,81.09636179606133,0.0,2.980010509490967
2015-06-27 23:30:00,0.4468428689689633,5.3027914365132665,82.35829162597666,0.0,2.8064583937326995
2015-06-27 23:45:00,0.4883400201098899,5.190519332885733,81.77365875244134,0.0,2.6892918745676666
2015-06-28 00:00:00,0.3980894425680634,4.952183246612567,82.08817036946634,0.0,3.075602531433133
2015-06-28 00:15:00,0.69920410355568,4.677425066630033,83.98233795166,0.0,2.9857571125030664
2015-06-28 00:30:00,0.6674794287289766,4.458009084065734,84.88046264648467,0.0,3.0416262944539336
2015-06-28 00:45:00,0.7300084708929034,4.239103158315033,85.460039774577,0.0,2.9042927424113003
2015-06-28 01:00:00,0.8489496567708633,4.1527667045593,86.15877278645833,0.0,2.5632011095683
2015-06-28 01:15:00,1.1422250534167566,4.102800051371267,86.46237436930333,0.0,2.7503533363342334
2015-06-28 01:30:00,1.2431930844822,4.175904750823967,86.848922729492,0.0,2.5908432006835667
2015-06-28 01:45:00,1.4088009254401666,3.9607251485188666,87.27590179443332,0.0,2.7738432089487666
2015-06-28 02:00:00,1.5014308560775331,3.9332705338796,86.65940602620434,0.0,3.3522963523865
2015-06-28 02:15:00,1.2788719677203335,3.1780165831248,88.19076538085933,0.0,3.688537518183367
2015-06-28 02:30:00,0.8770255641212467,3.0173766613007,91.214365641276,0.0,2.7620386282603
2015-06-28 02:45:00,0.9226944808011034,2.9889378547668666,90.50652821858732,0.0,2.9159349600474
2015-06-28 03:00:00,0.8380633674368867,2.7744752566019333,91.63807169596332,0.0,2.9170204003651663
2015-06-28 03:15:00,1.0681299083255,2.7458638350169,92.83844248453768,0.0,2.3329294522603337
2015-06-28 03:30:00,1.0198047857915633,2.931673606236767,91.34167734781902,0.0,2.7792297999064
2015-06-28 03:45:00,1.1222379664251,2.709349155426033,91.02839406331368,0.0,3.024064302444433
2015-06-28 04:00:00,1.15273773170803,2.665614922841367,91.75225575764966,0.0,2.740880727767967
2015-06-28 04:15:00,1.0781818423441334,2.7818464438120665,91.98920440673832,0.0,2.7075828711191665
2015-06-28 04:30:00,0.9042417510482432,2.8305307229360004,93.15430450439436,0.0,2.6596591472625666
2015-06-28 04:45:00,0.6035196642258166,2.404619057973233,92.320142110189,0.0,3.2945349216461337
2015-06-28 05:00:00,0.6655795291568399,2.021227916081733,94.46640777587932,0.0,3.0870249271392667
2015-06-28 05:15:00,0.93190614318673,1.7156654198964334,95.616511027018,0.0,3.1967252890269
2015-06-28 05:30:00,0.83961900575844,1.3459289073944,96.42415364583331,0.0,3.3489928245544003
2015-06-28 05:45:00,1.2843805450942,1.3013945817947334,98.144587198893,0.0,2.9134336312612
2015-06-28 06:00:00,1.4650372463493333,1.3265687227249334,99.46080525716134,0.0,2.510625123977667
2015-06-28 06:15:00,1.01821844001549,1.3360583782196331,99.77736155192066,0.0,2.975755294164033
2015-06-28 06:30:00,0.6758557313497867,1.2509776353836,99.92822265625,0.0,2.8949985504150333
2015-06-28 06:45:00,0.6087218734804,1.3394869565963667,100.0,0.0,2.526296138763433
2015-06-28 07:00:00,0.5248285227160466,1.2111657460530667,100.0,0.0,3.6228597164154
2015-06-28 07:15:00,0.5025732784940367,1.070656180381767,100.0,0.0,7.005948543548601
2015-06-28 07:30:00,0.4564099077765133,1.1680502494176332,100.0,0.0,18.410130500793333
2015-06-28 07:45:00,0.4352239165476967,2.227883021036767,100.0,0.0,60.442353566488
2015-06-28 08:00:00,0.5636319722361567,3.7852931817372655,95.61436971028668,0.0,89.54055531819633
2015-06-28 08:15:00,0.7207066067393599,5.669888337453199,88.11512247721333,0.0,139.3888575236
2015-06-28 08:30:00,0.7064103108739834,7.606626510620134,77.98542277018232,0.0,237.84710693359327
2015-06-28 08:45:00,0.9627172215708034,8.374112447102833,73.20891316731799,0.0,284.90475463867
2015-06-28 09:00:00,1.0145555992089934,9.461723645528169,69.061347961426,0.0,377.1836344401033
2015-06-28 09:15:00,1.1733512640174266,10.425098419189666,66.22340901692701,0.0,415.69424438476335
2015-06-28 09:30:00,1.9387544582961336,10.692297617594337,65.77201080322267,0.0,424.2920633951867
2015-06-28 09:45:00,2.1973582027031333,10.958543141683,64.43839009602867,0.0,462.09143066406335
2015-06-28 10:00:00,2.7440623760535003,11.990605354309332,62.08508682250967,0.0,506.72254435221
2015-06-28 10:15:00,3.127224916147867,13.087386131286666,59.19348526001,0.0,544.3857218424467
2015-06-28 10:30:00,3.723035276337301,13.847905476888,57.520610809326335,0.0,578.9994913737
2015-06-28 10:45:00,3.3554906668224334,14.103189468383666,57.05179214477533,0.0,608.4649454752599
2015-06-28 11:00:00,2.950560404738767,14.606782277425332,56.32719930013,0.0,632.1144205729166
2015-06-28 11:15:00,3.163331319561633,15.691874186197666,54.240950266520336,0.0,650.1859334309867
2015-06-28 11:30:00,3.3235527065378663,16.457722345988,51.872942606608,0.0,673.2681681315133
2015-06-28 11:45:00,3.922504984597533,16.501787185669,51.456137339274335,0.0,696.1078491210933
2015-06-28 12:00:00,3.3810286725953334,17.094755172729666,49.208651224772005,0.0,706.4134318033866
2015-06-28 12:15:00,3.099046819863633,17.612340291341,47.248851776123,0.0,712.62188720703
2015-06-28 12:30:00,3.4949815417614,18.003911972046,45.07609303792333,0.0,716.2261962890634
2015-06-28 12:45:00,3.443481498018267,18.289285024007,43.35202153523733,0.0,714.1543579101534
2015-06-28 13:00:00,3.4594887576186,19.067560831705663,40.831932067871,0.0,699.7386678059901
2015-06-28 13:15:00,3.906672830338133,19.01286760966,39.45735422770167,0.0,695.2533976236967
2015-06-28 13:30:00,3.5225088431072,19.113690694173,37.73345184326167,0.0,676.2969563802067
2015-06-28 13:45:00,3.4873298887081,19.61922264099133,35.913808186849,0.0,655.61110432943
2015-06-28 14:00:00,3.5286072420266663,19.75059382120767,34.57297770182267,0.0,632.0411376953133
2015-06-28 14:15:00,3.5217625040544003,19.82813262939433,33.82270558675133,0.0,605.0683797200533
2015-06-28 14:30:00,3.311579757432933,19.895519256591665,34.067363739013665,0.0,573.6800333658866
2015-06-28 14:45:00,3.3422052665411663,19.932429631551,33.89973831176766,0.0,529.40114339193
2015-06-28 15:00:00,3.4185688558483,19.993324915568,33.821133931477995,0.0,503.7136942545567
2015-06-28 15:15:00,3.935502692896533,19.88705571492533,33.947246551513665,0.0,482.0104471842467
2015-06-28 15:30:00,3.9133290408757335,20.081947962443,33.775739034017,0.0,443.0025533040367
2015-06-28 15:45:00,3.4838457957515665,20.122599919637,33.66843414306633,0.0,342.08201090495004
2015-06-28 16:00:00,2.5757716616605,19.57241376241033,34.739947001139335,0.0,210.85780334472668
2015-06-28 16:15:00,2.790048941592533,19.518455505371,34.72083663940433,0.0,270.34835815429665
2015-06-28 16:30:00,2.347432089470533,19.49814160664867,34.99221674601233,0.0,198.65043640137
2015-06-28 16:45:00,2.5444964172528333,19.23528798421233,35.702823638915994,0.0,163.05600484212002
2015-06-28 17:00:00,2.4741431002235337,19.083092371622666,36.400264739990334,0.0,139.3698069254567
2015-06-28 17:15:00,2.7109718817748667,18.710987091064336,37.10236104329434,0.0,40.41810607910133
2015-06-28 17:30:00,2.5213319144853,18.167704900106,38.336349487304666,0.0,24.66223780314133
2015-06-28 17:45:00,2.2026914539778666,17.770669301351,39.09252802530933,0.0,14.736028353373
2015-06-28 18:00:00,1.6524127651449667,17.169898986816666,40.59110260009766,0.0,6.759041150410966
2015-06-28 18:15:00,1.3822726870431998,16.865156173705998,41.42064539591467,0.0,3.6700249512990335
2015-06-28 18:30:00,1.2186623980118334,16.445967992146667,42.549261728922666,0.0,2.9802049001058
2015-06-28 18:45:00,1.0733270180675,16.212631225585667,43.18247477213533,0.0,2.7979771296183333
2015-06-28 19:00:00,1.1494825207705333,15.920465151468669,43.888459523519,0.0,2.7533351580301666
2015-06-28 19:15:00,1.564219322146433,15.986310958862,43.301678975423,0.0,2.552366892496733
2015-06-28 19:30:00,2.142337022790867,16.234084447225,43.354573567708336,0.0,2.0068647861480664
2015-06-28 19:45:00,1.2949462274101533,16.156999588012667,44.33530680338533,0.0,2.621663014094
2015-06-28 20:00:00,1.8593410955581664,15.914127985636668,45.867127736409664,0.0,2.411278525988267
2015-06-28 20:15:00,2.7215279169610334,16.104548772176,45.72347895304367,0.0,2.0413077672322664
2015-06-28 20:30:00,3.3344568331279665,16.160195032755666,45.36933390299467,0.0,1.9372546672821
2015-06-28 20:45:00,3.275676804702767,16.250708897908666,44.933306376139335,0.0,1.9552643299102668
2015-06-28 21:00:00,2.123004660232233,16.240733464559,44.76965713501,0.0,2.2177321910858
2015-06-28 21:15:00,1.6547196433496667,16.084094365438002,45.180170694987,0.0,2.692247947057067
2015-06-28 21:30:00,1.0408227469771667,15.797343889872002,46.06676228841133,0.0,3.0390628973643
2015-06-28 21:45:00,0.96201962591092,15.307092030843334,47.74960199991867,0.0,3.2950863043467336
2015-06-28 22:00:00,0.690872294734,14.748808224996,50.154582977295,0.0,3.45108294487
2015-06-28 22:15:00,0.70550312745476,14.288383483886667,52.243829091390005,0.0,3.162971258163433
2015-06-28 22:30:00,0.6511617169841933,14.203056653340669,52.92587153116867,0.0,2.7903649806976336
2015-06-28 22:45:00,1.2861732334852334,14.124969164530668,53.02082570393867,0.0,2.513319333394367
2015-06-28 23:00:00,1.1504768374198333,14.360538800557334,52.10712432861333,0.0,2.7179496288299667
2015-06-28 23:15:00,1.2462280671189734,14.202659289041998,52.772488911946674,0.0,3.4693816502889
2015-06-28 23:30:00,1.00047780973099,13.111497243245331,56.601376851400005,0.0,5.342138926188166
2015-06-28 23:45:00,0.7436766878304466,11.711923917134667,61.84827041625967,0.0,4.990899244944266
2015-06-29 00:00:00,0.8258794839480833,11.055954615275336,64.76331837971999,0.0,3.994687954584767
2015-06-29 00:15:00,1.125813387016,10.395345687866,67.29125722249334,0.0,4.072668472925834
2015-06-29 00:30:00,0.87558505115938,10.141213417053336,68.587989807129,0.0,3.3466126918793
2015-06-29 00:45:00,1.0635315387571669,9.727281252543134,69.65571339925133,0.0,3.1314665476481003
2015-06-29 01:00:00,1.2686980206887,9.666944503784167,70.52752431233733,0.0,2.5845269362131664
2015-06-29 01:15:00,1.4520371980142668,9.6524480183919,71.21885935465467,0.0,2.5553056399027665
2015-06-29 01:30:00,1.2125135337861332,9.9808533986409,70.23368835449234,0.0,1.8013988733291333
2015-06-29 01:45:00,0.5637262138776767,10.467474301656,68.87040964762367,0.0,2.1380735238393
2015-06-29 02:00:00,0.52759653152013,10.367555300394336,70.04426574707033,0.0,2.410455544789633
2015-06-29 02:15:00,0.80381916914622,10.119631131489834,70.92642466227234,0.0,3.0750178496043
2015-06-29 02:30:00,0.8235689632344233,9.661088943481468,73.061683654785,0.0,3.6019484996795668
2015-06-29 02:45:00,0.8180384425034534,9.309670766194666,74.89773559570334,0.0,3.304062843322767
2015-06-29 03:00:00,0.62928981923795,8.9558480580648,76.14825439453132,0.0,2.4384823640187667
2015-06-29 03:15:00,0.6497665035885967,8.891457239786765,77.165433247884,0.0,2.6327754656473665
2015-06-29 03:30:00,0.73543112920634,9.075659434000633,76.682696024577,0.0,2.5198381741842
2015-06-29 03:45:00,0.71759016435623,9.086979548136368,77.65658060709633,0.0,2.6432493527730334
2015-06-29 04:00:00,0.8349269905955,9.09361743927,77.437693277995,0.0,2.7782092094421333
2015-06-29 04:15:00,0.6564135195504833,8.913574854532902,78.15183003743466,0.0,2.643678744634
2015-06-29 04:30:00,0.94520801202378,8.992707888285333,77.98287455240866,0.0,2.6008555094401333
2015-06-29 04:45:00,0.99921864956489,9.026909828186064,78.77733612060534,0.0,2.2476008733113333
2015-06-29 05:00:00,0.8703116474110266,9.2148297627767,79.25640869140632,0.0,2.3835409482320333
2015-06-29 05:15:00,0.8633118268593134,9.079419771830269,79.75775400797501,0.0,2.9906493028005
2015-06-29 05:30:00,1.3200057399575,8.629848798116035,81.85382080078101,0.0,3.4557754993439
2015-06-29 05:45:00,1.4182313149713,8.143021901448567,83.59124247233066,0.0,3.0281527837117665
2015-06-29 06:00:00,1.6359624881490331,8.062326113382968,84.02171579996734,0.0,2.9622383117676
2015-06-29 06:15:00,0.7537747161445633,7.839135169982934,85.15073649088534,0.0,3.5760068893432666
2015-06-29 06:30:00,0.5963721344158633,7.4946449597676335,86.335782368978,0.0,2.9050610065460334
2015-06-29 06:45:00,0.7365688724063233,7.506210009257,86.75509389241533,0.0,3.152496337890633
2015-06-29 07:00:00,0.5782578378992099,7.181027889251699,88.83115132649733,0.0,3.774854739507066
2015-06-29 07:15:00,0.8465396624482433,6.801353613535567,90.15840403238931,0.0,6.782331943511966
2015-06-29 07:30:00,0.8118890043066335,7.4156618118286,89.23503367106133,0.0,21.57414881388333
2015-06-29 07:45:00,0.6848184006516133,7.865701198577867,85.77479807535833,0.0,49.329214096069336
2015-06-29 08:00:00,0.4511769469157867,9.966364860534568,76.853858947754,0.0,80.37022908528799
2015-06-29 08:15:00,0.5631574857704633,11.305167833963663,72.559445699056,0.0,84.338396708171
2015-06-29 08:30:00,0.56915599164049,12.550981521606332,70.21146901448567,0.0,189.9357808430967
2015-06-29 08:45:00,1.2108421299063332,13.082996050516668,67.27201843261734,0.0,250.14346313476668
2015-06-29 09:00:00,1.1795918311662668,13.520148595174,65.94780476888035,0.0,261.25919087728
2015-06-29 09:15:00,1.8970392091703667,14.106146812439,64.471253712972,0.0,364.71593221028667
2015-06-29 09:30:00,2.2649126599811,15.053083101908332,62.53067398071301,0.0,407.6892293294266
2015-06-29 09:45:00,2.3432529174966668,15.548242251078,61.32472610473633,0.0,446.4629211425767
2015-06-29 10:00:00,2.7183221558424666,16.19983641306567,59.468098958333336,0.0,483.9442850748701
2015-06-29 10:15:00,4.034413721873567,16.655185063679998,59.01111475626666,0.0,418.25020345052
2015-06-29 10:30:00,3.883880084245067,17.06041653951033,58.03203455607067,0.0,491.94053141276
2015-06-29 10:45:00,2.9026642814598334,17.317499796549665,56.93468221028667,0.0,352.78306070963663
2015-06-29 11:00:00,2.5656465463250666,17.72824223836233,55.622890472412,0.0,453.94356282552
2015-06-29 11:15:00,2.7252379779294333,18.207450230916333,53.945760091146006,0.0,502.6566263834633
2015-06-29 11:30:00,2.7119993783696668,18.854709625244,52.11713790893566,0.0,601.9872538248667
2015-06-29 11:45:00,2.9545272515525665,19.384896596272668,50.69992828369167,0.0,696.1809692382834
2015-06-29 12:00:00,2.8052461954981336,19.636713027954,50.104122161865,0.0,629.65288289388
2015-06-29 12:15:00,3.1300143274517,20.244150161743,48.047943115234666,0.0,704.2515258789034
2015-06-29 12:30:00,3.4559850613409666,19.65149180094433,49.09251658121733,0.0,442.3191274007167
2015-06-29 12:45:00,3.2672899388059,19.912663777669334,48.258472442627,0.0,664.4903971354166
2015-06-29 13:00:00,2.713543890481933,21.029614130656,44.66060892740867,0.0,857.4892985026032
2015-06-29 13:15:00,3.0184935063444667,21.223869959513333,43.57880147298167,0.0,782.87204996745
2015-06-29 13:30:00,3.2187548532238,21.350645065307333,42.81288274129199,0.0,661.0026448567667
2015-06-29 13:45:00,3.2290052708683,20.91726620992,44.660994211832666,0.0,637.6584472656233
2015-06-29 14:00:00,3.221425629113833,21.70706876119,41.98988215128566,0.0,758.6518961588532
2015-06-29 14:15:00,3.4214730613746664,22.061140060424663,40.983762105306,0.0,711.9493204752599
2015-06-29 14:30:00,3.434204976896933,21.732972462972,41.79970041910833,0.0,555.29623413086
2015-06-29 14:45:00,3.2828464103247,21.30841445922833,42.41389338175467,0.0,485.0048421223933
2015-06-29 15:00:00,3.2259176594956664,21.71306610107433,41.068050384521335,0.0,481.47240193684667
2015-06-29 15:15:00,3.7935562812347663,21.44622548421233,41.81970342000333,0.0,461.3225911458367
2015-06-29 15:30:00,4.3876159412276,21.602336883545,40.94928487141934,0.0,463.09829711914335
2015-06-29 15:45:00,3.7482979525827,21.66388320922867,40.270844777425,0.0,405.2026570638033
2015-06-29 16:00:00,3.7554173136565,21.68076006571433,39.914591471354,0.0,373.99940999349
2015-06-29 16:15:00,2.9564078458271,21.47826067606633,40.47951634724933,0.0,300.13721720377663
2015-06-29 16:30:00,2.901001442995067,21.093683878580663,40.80941390991233,0.0,207.53286743164003
2015-06-29 16:45:00,2.6219086959343,20.950005849202668,40.960241953531664,0.0,181.60530090332
2015-06-29 17:00:00,2.983232694834367,20.473429361979,42.087993621826,0.0,118.63530985514366
2015-06-29 17:15:00,2.5422555898777666,19.951781590779664,43.89259465535466,0.0,42.075121561686
2015-06-29 17:30:00,2.8460611930097,19.610740661621,44.982167561849,0.0,26.827086130778337
2015-06-29 17:45:00,2.8283321966781667,19.200649897257662,46.52239863077801,0.0,14.041620254516667
2015-06-29 18:00:00,2.172186655409833,18.781702677408664,47.893066406250334,0.0,5.675677617390967
2015-06-29 18:15:00,2.2693096319163666,18.682617823283,48.15390904744433,0.0,2.6135348478953
2015-06-29 18:30:00,1.972012154775,18.584734598795663,48.414539337158,0.0,2.4495903650919666
2015-06-29 18:45:00,2.1809826302550666,18.488871256510667,48.82310612996434,0.0,2.5860942999522
2015-06-29 19:00:00,2.2239737288608667,18.05036926269533,50.406637827555336,0.0,3.844682296117133
2015-06-29 19:15:00,2.6713187784016665,17.474563598632667,52.771385192871,0.0,3.8793172041575
2015-06-29 19:30:00,2.4424559653151667,16.979390462239667,54.90012741088899,0.0,3.6478370825449336
2015-06-29 19:45:00,2.1734164547459334,16.577706019083667,56.71948115030933,0.0,3.265723069508867
2015-06-29 20:00:00,2.2920318678658664,16.175472259521666,58.89195378621434,0.0,3.282580614089967
2015-06-29 20:15:00,2.1378507762718333,15.795615514119334,60.856325785319,0.0,3.319606622060133
2015-06-29 20:30:00,3.0937971917648,15.616331736247,63.067810058594,0.0,2.5891133149464665
2015-06-29 20:45:00,2.6820157455718,15.524813334147,64.36537170410134,0.0,2.699135541915867
2015-06-29 21:00:00,2.0992923241135,15.152269045512,65.91669972737633,0.0,2.8864057858785
2015-06-29 21:15:00,1.3603625319147332,14.732208251953333,67.64264424641932,0.0,3.2947851816813336
2015-06-29 21:30:00,1.1552192958132332,14.305275917053333,69.345667521159,0.0,3.577740748723333
2015-06-29 21:45:00,1.00930716320402,13.367880185445,72.82367197672534,0.0,4.1893742879232
2015-06-29 22:00:00,1.0392826500272634,12.538774808248,76.43497467041,0.0,3.676122029622367
2015-06-29 22:15:00,0.7032018123547233,12.247965812683,76.80020650227867,0.0,3.4942235151926666
2015-06-29 22:30:00,0.9312885944212368,11.341442743937334,80.140190124512,0.0,3.9603320757548
2015-06-29 22:45:00,0.9229472930003834,10.983387947082669,82.48594919840467,0.0,3.3472405274709
2015-06-29 23:00:00,0.9061959902316766,10.787782986959002,84.731534322103,0.0,3.030542929967233
2015-06-29 23:15:00,0.8895518655303466,10.658772468567,85.86986033121734,0.0,2.8426414330800003
2015-06-29 23:30:00,0.5877433176192434,10.320507367452,85.18754831949867,0.0,3.1354326407114663
2015-06-29 23:45:00,0.9864901337176932,9.703672091166167,86.71990966796899,0.0,3.2093119621277
2015-06-30 00:00:00,1.0748527657395834,9.660225232442231,88.56105295817066,0.0,3.117096185684234
2015-06-30 00:15:00,1.100180720161133,9.4210255940755,90.11406199137366,0.0,2.6894923845927
2015-06-30 00:30:00,1.0589050666801,9.563965161641434,89.77161916096999,0.0,2.8959593772888
2015-06-30 00:45:00,0.87132795156908,9.1408411661784,90.09528605143268,0.0,3.318007230758667
2015-06-30 01:00:00,1.14097240561518,8.7014579772949,92.18639119466168,0.0,2.808444817860933
2015-06-30 01:15:00,1.8171524085677664,8.932558377583801,96.43606821695968,0.0,1.3374244769414665
2015-06-30 01:30:00,1.8691423587312668,10.13161500295,95.82718149820968,0.0,1.2947858572006334
2015-06-30 01:45:00,1.4699178110227666,11.160452206929332,88.32010650634767,0.0,1.6976368824640666
2015-06-30 02:00:00,1.7536624614960334,11.724715550740331,85.12469991048167,0.0,1.686460852623
2015-06-30 02:15:00,1.6962517956905334,12.081609090169332,84.04394276936834,0.0,2.1864040692647
2015-06-30 02:30:00,1.6306212454303,11.833044687907,85.10398610432934,0.0,3.1309079329172333
2015-06-30 02:45:00,1.1563428221902663,11.359671592712331,86.72718811035134,0.0,3.5645044644673334
2015-06-30 03:00:00,1.3828749593467666,10.791330655415663,89.340670267741,0.0,3.3593539396922
2015-06-30 03:15:00,1.0064868236875366,10.460488001505333,90.84813690185534,0.0,3.0321182409922334
2015-06-30 03:30:00,1.0419215042931331,10.523239771525,93.22161865234368,0.0,1.7539707422256334
2015-06-30 03:45:00,1.1158987424723332,10.812589009602666,91.309102376302,0.0,1.9584435621897327
2015-06-30 04:00:00,1.1979589067684666,10.893473307291666,90.45004272460932,0.0,1.9794586499532
2015-06-30 04:15:00,1.10617470048967,11.041775067647334,90.110102335612,0.0,1.9603832562764667
2015-06-30 04:30:00,1.0645340234568998,11.261335372924668,89.36115010579432,0.0,2.033034523328133
2015-06-30 04:45:00,1.2107159666406,11.393652915954666,88.44496154785168,0.0,2.1985466480255336
2015-06-30 05:00:00,1.2863059532671002,11.548817952474002,87.76993306477834,0.0,2.164003054300933
2015-06-30 05:15:00,1.5650586445194998,11.733495394389,86.91387176513668,0.0,2.0788590113322
2015-06-30 05:30:00,1.4375772320785665,11.883132616678663,86.17193094889335,0.0,2.224453608195
2015-06-30 05:45:00,2.3980186361122,11.975344657897669,85.537851969401,0.0,2.1891625722249333
2015-06-30 06:00:00,2.3668924917389664,12.060265858968,85.00564066569,0.0,2.2762024402618333
2015-06-30 06:15:00,1.4707109507971,12.138299306233668,84.457455952962,0.0,2.3300673166910664
2015-06-30 06:30:00,1.4947321716776,12.171792030334666,84.26858266194633,0.0,2.394312620162967
2015-06-30 06:45:00,2.157759229221,12.101202011108333,83.99308776855467,0.0,2.5255029201507333
2015-06-30 07:00:00,2.1824910704905336,11.983061154683334,84.39817047119168,0.0,2.7888456980387333
2015-06-30 07:15:00,2.3550317319107,11.890865325927663,84.62564341227234,0.0,3.7533707618713663
2015-06-30 07:30:00,2.423982086934433,11.842734654744334,84.73925526936867,0.0,7.840074539184567
2015-06-30 07:45:00,2.890461037483867,11.848284721374334,85.15679931640632,0.0,15.956193923950332
2015-06-30 08:00:00,2.6128803952433333,11.945436159769663,84.35243225097668,0.0,20.012227376302
2015-06-30 08:15:00,2.6278775539887667,12.098362604777,83.562535603841,0.0,35.85964457194033
2015-06-30 08:30:00,2.4814207890212,12.276109377543,82.73256174723333,0.0,33.374101638794
2015-06-30 08:45:00,2.6173120703551,12.163468678792333,84.19360605875633,0.0,35.840295155843
2015-06-30 09:00:00,2.614844877603533,12.198735555013,83.93892161051433,0.0,60.184627532959006
2015-06-30 09:15:00,2.9543819927094668,12.415299097697,81.709627787272,0.0,73.25291188557934
2015-06-30 09:30:00,2.8031655060634666,12.613338788350331,80.02374776204432,0.0,74.259241739909
2015-06-30 09:45:00,3.3705123738708664,12.527117411295668,80.99773661295568,0.0,75.215342203776
2015-06-30 10:00:00,3.178086527407333,12.292470296224002,83.48260498046899,0.0,56.98624165852866
2015-06-30 10:15:00,4.681697281618766,11.906627972920331,85.24040985107433,0.0,62.91297912597667
2015-06-30 10:30:00,3.633412247903833,12.142700831095333,82.67374420166,0.0,101.415186564127
2015-06-30 10:45:00,3.526699008835467,12.237188657125,81.17343902587866,0.0,98.039403279624
2015-06-30 11:00:00,2.7764072377052336,12.444991747538,79.70196533203166,0.0,139.05378214518
2015-06-30 11:15:00,2.900268702642467,12.671717007955,78.58843994140634,0.0,147.40185038248669
2015-06-30 11:30:00,2.575794973718,12.920671463012669,77.16903940836566,0.0,165.44506835937332
2015-06-30 11:45:00,2.657313927406667,13.241030375163,75.49623616536466,0.0,208.79275004069
2015-06-30 12:00:00,3.0037903974151665,13.408088684082,74.394317626953,0.0,242.43866475423
2015-06-30 12:15:00,2.266626581874833,13.930635134379,72.40730285644567,0.0,256.5608927408867
2015-06-30 12:30:00,2.2084110761146665,14.320144971211668,70.72593688964866,0.0,323.30535888672
2015-06-30 12:45:00,2.4161048190822663,14.724631309509334,69.02471415201835,0.0,415.72914632161
2015-06-30 13:00:00,2.7556873220577,15.061321894328,66.965103149414,0.0,450.1880086263033
2015-06-30 13:15:00,2.525744251185733,15.364734013875337,65.984743754069,0.0,440.40439860026
2015-06-30 13:30:00,3.2040066213347003,15.842101414998,63.91858545939133,0.0,537.6871439615867
2015-06-30 13:45:00,2.8798108710352666,16.241981188456332,62.45418167114267,0.0,553.0994466145834
2015-06-30 14:00:00,3.052933980679833,16.318504015605,61.83514022827166,0.0,594.1770019531233
2015-06-30 14:15:00,3.3491044876175,16.812952041626,59.683478037516,0.0,601.00577799479
2015-06-30 14:30:00,3.528906325127933,17.041161219279,58.39277267456067,0.0,572.48457845052
2015-06-30 14:45:00,3.628568108320233,17.432422002156667,56.16241836547834,0.0,523.1403910318967
2015-06-30 15:00:00,3.780444573442433,17.634106318156,54.25604883829734,0.0,496.86212158203006
2015-06-30 15:15:00,4.529322079751333,17.744594573975,51.65847651163733,0.0,476.2223409016933
2015-06-30 15:30:00,4.289029250080767,18.066842397054334,48.70986938476566,0.0,435.25063069661337
2015-06-30 15:45:00,3.3368506458804,18.323542912801,46.413262685140005,0.0,390.82012939453006
2015-06-30 16:00:00,3.2308611402333334,18.364934285482,45.882265726725336,0.0,344.07318115234665
2015-06-30 16:15:00,3.3629780758343,18.06303024292,48.00309880574533,0.0,292.7297668457033
2015-06-30 16:30:00,3.539809568685533,17.944416046142667,47.90060170491534,0.0,239.55495198567667
2015-06-30 16:45:00,2.7435901302827,17.817378362019667,47.633836110433,0.0,186.45103454589665
2015-06-30 17:00:00,2.8891062007484334,17.61138725280767,47.26007715861,0.0,134.50708770752
2015-06-30 17:15:00,2.8522183135891,17.218272527059,48.96478907267234,0.0,46.36203320821133
2015-06-30 17:30:00,2.793107766106267,16.849017461141,50.244820912679,0.0,24.07580057779967
2015-06-30 17:45:00,2.7197203494727,16.46581141154,51.519014994303326,0.0,13.772100130716666
2015-06-30 18:00:00,1.8794858479992669,15.799233118693,53.6574122111,0.0,7.950797716776534
2015-06-30 18:15:00,1.6600919246600334,15.096608161926,55.83260345458967,0.0,4.928174495697033
2015-06-30 18:30:00,1.4611458105093666,14.410540262858,57.88611729939768,0.0,4.136149565378833
2015-06-30 18:45:00,1.2620965581649333,13.722168604533,60.116914113362334,0.0,4.032082319259667
2015-06-30 19:00:00,1.2714319775527334,12.615988413493,64.30152511596701,0.0,4.442866643269867
2015-06-30 19:15:00,1.0686191524715298,11.559227307637668,67.52838897705067,0.0,4.309204101562533
2015-06-30 19:30:00,0.7394474258391067,10.724255243937334,71.02478281656899,0.0,4.235543568929066
2015-06-30 19:45:00,0.9833288774361434,10.082299868265734,73.354975382487,0.0,3.720793962478633
2015-06-30 20:00:00,1.0709082596475037,9.5020211537679,75.63594309488933,0.0,3.745068470637033
2015-06-30 20:15:00,1.3862526468893333,9.000387827555366,77.97520192464201,0.0,3.5383067131042663
2015-06-30 20:30:00,1.2847156559206334,8.825007438659666,78.32233937581367,0.0,3.513702472051
2015-06-30 20:45:00,0.57536751805862,8.497975985209166,79.26537831624366,0.0,3.165052572886134
2015-06-30 21:00:00,0.6893213585604033,8.237763086954766,80.29283650716134,0.0,2.925833225250233
2015-06-30 21:15:00,0.7977610585837366,8.099962552388499,82.19180297851567,0.0,3.0177079836527665
2015-06-30 21:30:00,0.86239069152689,7.926275253295901,83.28614807128933,0.0,2.7523442109426
2015-06-30 21:45:00,0.68522441898632,8.164385159810367,82.17963918050133,0.0,2.7935812473297
2015-06-30 22:00:00,0.7696715966847734,7.797809918721501,82.481643676758,0.0,2.8576158682505
2015-06-30 22:15:00,0.8862474696836533,7.559869607289634,83.69378662109368,0.0,2.9775414466858
2015-06-30 22:30:00,0.5821222970968867,7.365821679433167,84.04402669270833,0.0,3.1377218564351668
2015-06-30 22:45:00,0.65201392059358,6.702674070994067,85.373934427897,0.0,3.6006991068522
2015-06-30 23:00:00,0.8632922897656767,6.4452846844991,88.58856455485034,0.0,2.8200015227
2015-06-30 23:15:00,0.6442553985342966,6.368095239003534,87.63812510172534,0.0,3.0320336818695
2015-06-30 23:30:00,0.6936039998652167,6.010814666748067,89.171666463216,0.0,3.0685369173686
2015-06-30 23:45:00,0.7480378748744333,5.811297893524166,91.125556945801,0.0,2.7755908171336
